TripID,DragID2,LatinNames,Lengths
5,26,Anchoa spinifer,17
5,26,Anchoa spinifer,15
5,26,Anchoa spinifer,15
5,26,Anchoa spinifer,13
5,26,Anchoa spinifer,13
5,26,Anchoa spinifer,13
5,26,Anchoa spinifer,13
5,26,Anchoa spinifer,13
5,26,Anchoa spinifer,12
5,26,Anchoa spinifer,12
5,26,Anchoa spinifer,11
5,26,Anchoa spinifer,11
5,26,Anchoa spinifer,11
5,26,Anchoa spinifer,11
5,26,Anchoa spinifer,11
5,26,Anchoa spinifer,11
5,26,Anchoa spinifer,11
5,26,Anchoa spinifer,11
5,26,Anchoa spinifer,11
5,26,Anchoa spinifer,11
5,26,Anchoa spinifer,10
5,26,Anchoa spinifer,10
5,26,Anchoa spinifer,10
5,26,Anchoa spinifer,10
5,26,Anchoa spinifer,10
5,26,Anchoa spinifer,10
5,26,Anchoa spinifer,10
5,26,Anchoa spinifer,10
5,26,Anchoa spinifer,10
5,26,Anchoa spinifer,9
2,7,Bagre bagre,38
2,7,Bagre bagre,38
2,7,Bagre bagre,35
2,7,Bagre bagre,33
2,7,Bagre bagre,33
2,7,Bagre bagre,31
2,7,Bagre bagre,31
2,7,Bagre bagre,30
2,7,Bagre bagre,27
2,7,Bagre bagre,27
2,7,Bagre bagre,27
2,7,Bagre bagre,27
2,7,Bagre bagre,25
2,7,Bagre bagre,25
2,7,Bagre bagre,25
2,7,Bagre bagre,24
2,7,Bagre bagre,24
2,9,Bagre bagre,23
2,9,Bagre bagre,23
6,31,Bagre bagre,23
2,7,Bagre bagre,22
2,7,Bagre bagre,22
1,4,Bagre bagre,21
2,7,Bagre bagre,21
2,9,Bagre bagre,21
2,7,Bagre bagre,20
2,7,Bagre bagre,20
2,9,Bagre bagre,20
2,9,Bagre bagre,20
2,7,Bagre bagre,19
2,9,Bagre bagre,19
2,9,Bagre bagre,18
2,9,Bagre bagre,18
2,7,Bagre bagre,17
2,7,Bagre bagre,17
2,9,Bagre bagre,17
1,4,Bagre bagre,16
2,9,Bagre bagre,16
2,9,Bagre bagre,16
8,46,Bagre bagre,16
1,1,Bagre bagre,15
1,5,Bagre bagre,15
2,7,Bagre bagre,15
2,7,Bagre bagre,15
2,9,Bagre bagre,15
1,1,Bagre bagre,14
1,3,Bagre bagre,14
1,5,Bagre bagre,14
2,9,Bagre bagre,14
2,9,Bagre bagre,14
2,9,Bagre bagre,14
8,46,Bagre bagre,14
1,5,Bagre bagre,13
1,5,Bagre bagre,13
1,5,Bagre bagre,13
2,7,Bagre bagre,13
2,9,Bagre bagre,13
2,9,Bagre bagre,13
2,9,Bagre bagre,13
2,9,Bagre bagre,13
2,9,Bagre bagre,13
2,9,Bagre bagre,13
8,46,Bagre bagre,13
8,46,Bagre bagre,13
8,46,Bagre bagre,13
1,1,Bagre bagre,12
1,4,Bagre bagre,12
1,4,Bagre bagre,12
1,4,Bagre bagre,12
1,4,Bagre bagre,12
1,5,Bagre bagre,12
2,7,Bagre bagre,12
2,9,Bagre bagre,12
8,46,Bagre bagre,12
8,46,Bagre bagre,12
1,1,Bagre bagre,11
1,1,Bagre bagre,11
1,1,Bagre bagre,11
1,1,Bagre bagre,11
1,1,Bagre bagre,11
1,3,Bagre bagre,11
1,4,Bagre bagre,11
1,5,Bagre bagre,11
1,5,Bagre bagre,11
1,5,Bagre bagre,11
2,9,Bagre bagre,11
2,9,Bagre bagre,11
2,9,Bagre bagre,11
8,46,Bagre bagre,11
8,46,Bagre bagre,11
8,46,Bagre bagre,11
1,1,Bagre bagre,10
1,1,Bagre bagre,10
1,1,Bagre bagre,10
1,1,Bagre bagre,10
1,3,Bagre bagre,10
1,3,Bagre bagre,10
1,3,Bagre bagre,10
1,4,Bagre bagre,10
1,4,Bagre bagre,10
1,4,Bagre bagre,10
1,4,Bagre bagre,10
1,5,Bagre bagre,10
2,9,Bagre bagre,10
2,9,Bagre bagre,10
8,46,Bagre bagre,10
8,46,Bagre bagre,10
8,46,Bagre bagre,10
8,46,Bagre bagre,10
1,1,Bagre bagre,9
1,1,Bagre bagre,9
1,1,Bagre bagre,9
1,1,Bagre bagre,9
1,1,Bagre bagre,9
1,3,Bagre bagre,9
1,3,Bagre bagre,9
1,3,Bagre bagre,9
1,3,Bagre bagre,9
1,3,Bagre bagre,9
1,3,Bagre bagre,9
1,3,Bagre bagre,9
1,3,Bagre bagre,9
1,3,Bagre bagre,9
1,4,Bagre bagre,9
1,4,Bagre bagre,9
1,4,Bagre bagre,9
1,4,Bagre bagre,9
1,4,Bagre bagre,9
1,5,Bagre bagre,9
1,5,Bagre bagre,9
1,5,Bagre bagre,9
1,5,Bagre bagre,9
1,5,Bagre bagre,9
1,5,Bagre bagre,9
1,5,Bagre bagre,9
1,5,Bagre bagre,9
1,5,Bagre bagre,9
2,9,Bagre bagre,9
6,31,Bagre bagre,9
6,31,Bagre bagre,9
6,31,Bagre bagre,9
8,46,Bagre bagre,9
8,46,Bagre bagre,9
8,46,Bagre bagre,9
8,46,Bagre bagre,9
8,46,Bagre bagre,9
8,46,Bagre bagre,9
1,1,Bagre bagre,8
1,1,Bagre bagre,8
1,1,Bagre bagre,8
1,1,Bagre bagre,8
1,1,Bagre bagre,8
1,1,Bagre bagre,8
1,1,Bagre bagre,8
1,1,Bagre bagre,8
1,3,Bagre bagre,8
1,3,Bagre bagre,8
1,3,Bagre bagre,8
1,3,Bagre bagre,8
1,3,Bagre bagre,8
1,4,Bagre bagre,8
1,4,Bagre bagre,8
1,4,Bagre bagre,8
1,4,Bagre bagre,8
1,4,Bagre bagre,8
1,4,Bagre bagre,8
1,4,Bagre bagre,8
1,4,Bagre bagre,8
1,4,Bagre bagre,8
1,4,Bagre bagre,8
1,4,Bagre bagre,8
1,4,Bagre bagre,8
1,5,Bagre bagre,8
1,5,Bagre bagre,8
1,5,Bagre bagre,8
1,5,Bagre bagre,8
1,5,Bagre bagre,8
1,5,Bagre bagre,8
2,9,Bagre bagre,8
2,9,Bagre bagre,8
6,31,Bagre bagre,8
6,31,Bagre bagre,8
8,46,Bagre bagre,8
8,46,Bagre bagre,8
8,46,Bagre bagre,8
8,46,Bagre bagre,8
8,46,Bagre bagre,8
8,46,Bagre bagre,8
8,46,Bagre bagre,8
1,1,Bagre bagre,7
1,1,Bagre bagre,7
1,1,Bagre bagre,7
1,3,Bagre bagre,7
1,3,Bagre bagre,7
1,3,Bagre bagre,7
1,3,Bagre bagre,7
1,3,Bagre bagre,7
1,3,Bagre bagre,7
1,3,Bagre bagre,7
1,3,Bagre bagre,7
1,4,Bagre bagre,7
1,5,Bagre bagre,7
1,5,Bagre bagre,7
6,31,Bagre bagre,7
6,31,Bagre bagre,7
6,31,Bagre bagre,7
6,31,Bagre bagre,7
6,31,Bagre bagre,7
6,31,Bagre bagre,7
6,31,Bagre bagre,7
6,31,Bagre bagre,7
6,31,Bagre bagre,7
6,31,Bagre bagre,7
8,46,Bagre bagre,7
8,46,Bagre bagre,7
1,1,Bagre bagre,6
1,1,Bagre bagre,6
1,3,Bagre bagre,6
1,3,Bagre bagre,6
1,3,Bagre bagre,6
1,4,Bagre bagre,6
1,5,Bagre bagre,6
1,5,Bagre bagre,6
1,5,Bagre bagre,6
2,7,Bagre bagre,6
6,31,Bagre bagre,6
6,31,Bagre bagre,6
6,31,Bagre bagre,6
6,31,Bagre bagre,6
6,31,Bagre bagre,6
6,31,Bagre bagre,6
6,31,Bagre bagre,6
6,31,Bagre bagre,6
6,31,Bagre bagre,6
6,31,Bagre bagre,6
6,31,Bagre bagre,6
6,31,Bagre bagre,6
6,31,Bagre bagre,5
6,31,Bagre bagre,5
1,3,Cynoscion virescens,33
1,4,Cynoscion virescens,30
1,4,Cynoscion virescens,29
1,4,Cynoscion virescens,29
1,4,Cynoscion virescens,28
2,11,Cynoscion virescens,27
2,11,Cynoscion virescens,27
2,11,Cynoscion virescens,27
2,11,Cynoscion virescens,26
2,11,Cynoscion virescens,26
1,5,Cynoscion virescens,25
2,11,Cynoscion virescens,25
2,11,Cynoscion virescens,25
2,11,Cynoscion virescens,25
1,5,Cynoscion virescens,24
2,11,Cynoscion virescens,24
2,11,Cynoscion virescens,24
2,11,Cynoscion virescens,24
1,2,Cynoscion virescens,23
1,3,Cynoscion virescens,23
2,11,Cynoscion virescens,23
2,11,Cynoscion virescens,23
2,11,Cynoscion virescens,23
2,11,Cynoscion virescens,23
2,11,Cynoscion virescens,23
1,3,Cynoscion virescens,22
1,3,Cynoscion virescens,22
1,3,Cynoscion virescens,22
1,3,Cynoscion virescens,22
1,4,Cynoscion virescens,22
1,4,Cynoscion virescens,22
1,4,Cynoscion virescens,22
1,5,Cynoscion virescens,22
2,11,Cynoscion virescens,22
2,11,Cynoscion virescens,22
2,11,Cynoscion virescens,22
2,11,Cynoscion virescens,22
2,11,Cynoscion virescens,22
1,3,Cynoscion virescens,21
1,4,Cynoscion virescens,21
2,11,Cynoscion virescens,21
2,11,Cynoscion virescens,21
8,46,Cynoscion virescens,21
8,46,Cynoscion virescens,21
1,2,Cynoscion virescens,20
1,2,Cynoscion virescens,20
1,3,Cynoscion virescens,20
1,3,Cynoscion virescens,20
1,3,Cynoscion virescens,20
1,4,Cynoscion virescens,20
1,4,Cynoscion virescens,20
1,5,Cynoscion virescens,20
1,5,Cynoscion virescens,20
1,5,Cynoscion virescens,20
2,11,Cynoscion virescens,20
2,11,Cynoscion virescens,20
8,46,Cynoscion virescens,20
8,48,Cynoscion virescens,20
8,48,Cynoscion virescens,20
1,2,Cynoscion virescens,19
1,2,Cynoscion virescens,19
1,2,Cynoscion virescens,19
1,2,Cynoscion virescens,19
1,2,Cynoscion virescens,19
1,2,Cynoscion virescens,19
1,2,Cynoscion virescens,19
1,2,Cynoscion virescens,19
1,3,Cynoscion virescens,19
1,3,Cynoscion virescens,19
1,3,Cynoscion virescens,19
1,3,Cynoscion virescens,19
1,3,Cynoscion virescens,19
1,4,Cynoscion virescens,19
1,4,Cynoscion virescens,19
1,4,Cynoscion virescens,19
1,4,Cynoscion virescens,19
1,5,Cynoscion virescens,19
1,5,Cynoscion virescens,19
1,5,Cynoscion virescens,19
1,5,Cynoscion virescens,19
1,5,Cynoscion virescens,19
1,5,Cynoscion virescens,19
1,5,Cynoscion virescens,19
2,11,Cynoscion virescens,19
8,46,Cynoscion virescens,19
8,46,Cynoscion virescens,19
1,2,Cynoscion virescens,18
1,2,Cynoscion virescens,18
1,2,Cynoscion virescens,18
1,2,Cynoscion virescens,18
1,2,Cynoscion virescens,18
1,2,Cynoscion virescens,18
1,2,Cynoscion virescens,18
1,2,Cynoscion virescens,18
1,3,Cynoscion virescens,18
1,4,Cynoscion virescens,18
1,4,Cynoscion virescens,18
1,5,Cynoscion virescens,18
1,5,Cynoscion virescens,18
1,5,Cynoscion virescens,18
1,5,Cynoscion virescens,18
1,5,Cynoscion virescens,18
1,5,Cynoscion virescens,18
2,11,Cynoscion virescens,18
2,11,Cynoscion virescens,18
8,46,Cynoscion virescens,18
8,46,Cynoscion virescens,18
8,46,Cynoscion virescens,18
8,46,Cynoscion virescens,18
8,48,Cynoscion virescens,18
8,48,Cynoscion virescens,18
8,48,Cynoscion virescens,18
1,2,Cynoscion virescens,17
1,2,Cynoscion virescens,17
1,2,Cynoscion virescens,17
1,3,Cynoscion virescens,17
1,3,Cynoscion virescens,17
1,3,Cynoscion virescens,17
1,3,Cynoscion virescens,17
1,4,Cynoscion virescens,17
1,4,Cynoscion virescens,17
1,4,Cynoscion virescens,17
1,5,Cynoscion virescens,17
2,11,Cynoscion virescens,17
8,46,Cynoscion virescens,17
8,46,Cynoscion virescens,17
8,46,Cynoscion virescens,17
8,48,Cynoscion virescens,17
8,48,Cynoscion virescens,17
8,48,Cynoscion virescens,17
8,48,Cynoscion virescens,17
8,48,Cynoscion virescens,17
8,48,Cynoscion virescens,17
8,48,Cynoscion virescens,17
1,3,Cynoscion virescens,16
1,3,Cynoscion virescens,16
1,4,Cynoscion virescens,16
1,4,Cynoscion virescens,16
8,46,Cynoscion virescens,16
8,46,Cynoscion virescens,16
8,48,Cynoscion virescens,16
8,48,Cynoscion virescens,16
8,48,Cynoscion virescens,16
1,2,Cynoscion virescens,15
1,2,Cynoscion virescens,15
1,3,Cynoscion virescens,15
1,3,Cynoscion virescens,15
1,3,Cynoscion virescens,15
1,4,Cynoscion virescens,15
1,4,Cynoscion virescens,15
1,5,Cynoscion virescens,15
1,5,Cynoscion virescens,15
1,5,Cynoscion virescens,15
1,5,Cynoscion virescens,15
1,5,Cynoscion virescens,15
1,5,Cynoscion virescens,15
1,5,Cynoscion virescens,15
1,5,Cynoscion virescens,15
2,11,Cynoscion virescens,15
8,46,Cynoscion virescens,15
8,46,Cynoscion virescens,15
8,46,Cynoscion virescens,15
8,46,Cynoscion virescens,15
8,48,Cynoscion virescens,15
8,48,Cynoscion virescens,15
1,2,Cynoscion virescens,14
1,3,Cynoscion virescens,14
1,3,Cynoscion virescens,14
1,3,Cynoscion virescens,14
1,4,Cynoscion virescens,14
1,4,Cynoscion virescens,14
1,5,Cynoscion virescens,14
8,46,Cynoscion virescens,14
8,46,Cynoscion virescens,14
8,46,Cynoscion virescens,14
8,46,Cynoscion virescens,14
8,48,Cynoscion virescens,14
8,48,Cynoscion virescens,14
8,48,Cynoscion virescens,14
8,48,Cynoscion virescens,14
8,48,Cynoscion virescens,14
8,48,Cynoscion virescens,14
8,48,Cynoscion virescens,14
8,48,Cynoscion virescens,14
1,2,Cynoscion virescens,13
1,2,Cynoscion virescens,13
1,2,Cynoscion virescens,13
1,3,Cynoscion virescens,13
1,4,Cynoscion virescens,13
8,46,Cynoscion virescens,13
8,46,Cynoscion virescens,13
8,46,Cynoscion virescens,13
8,48,Cynoscion virescens,13
8,48,Cynoscion virescens,13
1,2,Cynoscion virescens,12
1,3,Cynoscion virescens,12
1,4,Cynoscion virescens,12
1,4,Cynoscion virescens,12
8,46,Cynoscion virescens,12
8,46,Cynoscion virescens,12
8,48,Cynoscion virescens,12
8,48,Cynoscion virescens,12
8,48,Cynoscion virescens,12
8,48,Cynoscion virescens,12
8,48,Cynoscion virescens,12
1,4,Cynoscion virescens,11
1,4,Cynoscion virescens,11
1,5,Cynoscion virescens,11
8,46,Cynoscion virescens,11
8,46,Cynoscion virescens,11
8,46,Cynoscion virescens,11
8,48,Cynoscion virescens,11
8,48,Cynoscion virescens,10
8,46,Cynoscion virescens,9
1,2,Cynoscion virescens,8
6,32,Harengula jaguana,30
6,32,Harengula jaguana,18
6,32,Harengula jaguana,17
6,32,Harengula jaguana,17
2,10,Harengula jaguana,16
6,32,Harengula jaguana,16
6,32,Harengula jaguana,16
3,18,Harengula jaguana,15
6,32,Harengula jaguana,15
6,32,Harengula jaguana,15
6,32,Harengula jaguana,15
6,32,Harengula jaguana,15
6,32,Harengula jaguana,15
6,32,Harengula jaguana,15
2,10,Harengula jaguana,14
6,32,Harengula jaguana,14
6,32,Harengula jaguana,14
6,32,Harengula jaguana,14
2,10,Harengula jaguana,13
2,10,Harengula jaguana,13
2,10,Harengula jaguana,13
2,10,Harengula jaguana,13
2,10,Harengula jaguana,13
2,10,Harengula jaguana,13
2,10,Harengula jaguana,13
3,18,Harengula jaguana,13
3,18,Harengula jaguana,13
3,18,Harengula jaguana,13
3,18,Harengula jaguana,13
3,18,Harengula jaguana,13
3,18,Harengula jaguana,13
3,18,Harengula jaguana,13
4,22,Harengula jaguana,13
4,22,Harengula jaguana,13
4,22,Harengula jaguana,13
4,22,Harengula jaguana,13
4,22,Harengula jaguana,13
6,32,Harengula jaguana,13
6,32,Harengula jaguana,13
6,32,Harengula jaguana,13
6,32,Harengula jaguana,13
2,10,Harengula jaguana,12
2,10,Harengula jaguana,12
3,18,Harengula jaguana,12
3,18,Harengula jaguana,12
3,18,Harengula jaguana,12
6,32,Harengula jaguana,12
6,32,Harengula jaguana,12
6,32,Harengula jaguana,12
6,32,Harengula jaguana,12
6,32,Harengula jaguana,12
2,10,Harengula jaguana,11
2,10,Harengula jaguana,11
2,10,Harengula jaguana,11
2,10,Harengula jaguana,11
3,18,Harengula jaguana,11
3,18,Harengula jaguana,11
3,18,Harengula jaguana,11
3,18,Harengula jaguana,11
3,18,Harengula jaguana,11
3,18,Harengula jaguana,11
6,32,Harengula jaguana,11
2,10,Harengula jaguana,10
2,10,Harengula jaguana,10
2,10,Harengula jaguana,10
3,18,Harengula jaguana,10
3,18,Harengula jaguana,10
3,18,Harengula jaguana,10
3,18,Harengula jaguana,10
3,18,Harengula jaguana,10
3,18,Harengula jaguana,10
3,18,Harengula jaguana,10
3,18,Harengula jaguana,10
3,18,Harengula jaguana,10
3,18,Harengula jaguana,10
3,18,Harengula jaguana,10
4,22,Harengula jaguana,10
4,22,Harengula jaguana,10
4,22,Harengula jaguana,10
4,22,Harengula jaguana,10
4,22,Harengula jaguana,10
4,22,Harengula jaguana,10
4,22,Harengula jaguana,10
4,22,Harengula jaguana,10
4,22,Harengula jaguana,10
4,22,Harengula jaguana,10
6,32,Harengula jaguana,10
6,32,Harengula jaguana,10
6,32,Harengula jaguana,10
6,32,Harengula jaguana,10
6,32,Harengula jaguana,10
2,10,Harengula jaguana,9
2,10,Harengula jaguana,9
2,10,Harengula jaguana,9
2,10,Harengula jaguana,9
2,10,Harengula jaguana,9
2,10,Harengula jaguana,9
2,10,Harengula jaguana,9
2,10,Harengula jaguana,9
2,10,Harengula jaguana,8
2,10,Harengula jaguana,8
2,10,Harengula jaguana,8
2,10,Harengula jaguana,8
3,18,Harengula jaguana,8
3,18,Harengula jaguana,8
4,22,Harengula jaguana,8
4,22,Harengula jaguana,8
4,22,Harengula jaguana,8
4,22,Harengula jaguana,8
4,22,Harengula jaguana,8
4,22,Harengula jaguana,8
4,22,Harengula jaguana,8
4,22,Harengula jaguana,8
4,22,Harengula jaguana,8
4,22,Harengula jaguana,8
4,22,Harengula jaguana,8
4,22,Harengula jaguana,8
4,22,Harengula jaguana,8
4,22,Harengula jaguana,8
4,22,Harengula jaguana,8
4,22,Harengula jaguana,5
2,10,Larimus breviceps,23
4,19,Larimus breviceps,23
4,19,Larimus breviceps,23
2,10,Larimus breviceps,22
2,10,Larimus breviceps,22
4,19,Larimus breviceps,22
4,19,Larimus breviceps,22
4,19,Larimus breviceps,22
4,19,Larimus breviceps,22
4,19,Larimus breviceps,22
4,19,Larimus breviceps,22
4,19,Larimus breviceps,22
4,19,Larimus breviceps,22
2,10,Larimus breviceps,21
2,10,Larimus breviceps,21
2,10,Larimus breviceps,21
2,10,Larimus breviceps,21
2,10,Larimus breviceps,21
4,19,Larimus breviceps,21
4,19,Larimus breviceps,21
2,10,Larimus breviceps,20
2,10,Larimus breviceps,20
2,10,Larimus breviceps,20
2,10,Larimus breviceps,20
4,19,Larimus breviceps,20
4,19,Larimus breviceps,20
4,19,Larimus breviceps,20
2,10,Larimus breviceps,19
2,10,Larimus breviceps,19
2,10,Larimus breviceps,19
2,10,Larimus breviceps,19
2,10,Larimus breviceps,19
2,10,Larimus breviceps,19
4,19,Larimus breviceps,19
4,19,Larimus breviceps,19
4,19,Larimus breviceps,19
4,19,Larimus breviceps,19
4,19,Larimus breviceps,19
4,19,Larimus breviceps,19
2,10,Larimus breviceps,18
2,10,Larimus breviceps,18
2,10,Larimus breviceps,18
2,10,Larimus breviceps,18
2,10,Larimus breviceps,18
4,19,Larimus breviceps,18
2,10,Larimus breviceps,17
2,10,Larimus breviceps,17
2,10,Larimus breviceps,17
2,10,Larimus breviceps,17
4,19,Larimus breviceps,17
4,19,Larimus breviceps,17
4,19,Larimus breviceps,17
2,10,Larimus breviceps,16
2,10,Larimus breviceps,16
2,10,Larimus breviceps,16
4,19,Larimus breviceps,16
4,19,Larimus breviceps,16
4,19,Larimus breviceps,16
4,19,Larimus breviceps,15
4,19,Larimus breviceps,15
4,19,Larimus breviceps,14
2,10,Larimus breviceps,11
6,36,Lonchurus elegans,30
7,38,Lonchurus elegans,30
7,38,Lonchurus elegans,30
7,38,Lonchurus elegans,29
7,38,Lonchurus elegans,29
7,38,Lonchurus elegans,29
7,38,Lonchurus elegans,29
6,36,Lonchurus elegans,28
7,38,Lonchurus elegans,28
7,38,Lonchurus elegans,28
7,38,Lonchurus elegans,28
7,38,Lonchurus elegans,28
7,38,Lonchurus elegans,28
7,40,Lonchurus elegans,28
7,40,Lonchurus elegans,28
7,40,Lonchurus elegans,28
6,36,Lonchurus elegans,27
6,36,Lonchurus elegans,27
7,38,Lonchurus elegans,27
7,40,Lonchurus elegans,27
4,20,Lonchurus elegans,26
4,20,Lonchurus elegans,26
6,36,Lonchurus elegans,26
6,36,Lonchurus elegans,26
7,38,Lonchurus elegans,26
7,38,Lonchurus elegans,26
7,40,Lonchurus elegans,26
7,40,Lonchurus elegans,26
7,40,Lonchurus elegans,26
7,40,Lonchurus elegans,26
4,20,Lonchurus elegans,25
4,20,Lonchurus elegans,25
4,20,Lonchurus elegans,25
4,20,Lonchurus elegans,25
6,36,Lonchurus elegans,25
6,36,Lonchurus elegans,25
7,38,Lonchurus elegans,25
7,40,Lonchurus elegans,25
7,40,Lonchurus elegans,25
7,40,Lonchurus elegans,25
4,20,Lonchurus elegans,24
4,20,Lonchurus elegans,24
4,20,Lonchurus elegans,24
4,20,Lonchurus elegans,24
4,20,Lonchurus elegans,24
6,36,Lonchurus elegans,24
7,38,Lonchurus elegans,24
7,38,Lonchurus elegans,24
7,38,Lonchurus elegans,24
7,40,Lonchurus elegans,24
7,40,Lonchurus elegans,24
7,40,Lonchurus elegans,24
7,40,Lonchurus elegans,24
4,20,Lonchurus elegans,23
4,20,Lonchurus elegans,23
4,20,Lonchurus elegans,23
4,20,Lonchurus elegans,23
4,20,Lonchurus elegans,23
4,20,Lonchurus elegans,23
4,20,Lonchurus elegans,23
4,20,Lonchurus elegans,23
4,20,Lonchurus elegans,23
4,20,Lonchurus elegans,23
4,20,Lonchurus elegans,23
6,36,Lonchurus elegans,23
6,36,Lonchurus elegans,23
7,38,Lonchurus elegans,23
7,40,Lonchurus elegans,23
7,40,Lonchurus elegans,23
4,20,Lonchurus elegans,22
6,36,Lonchurus elegans,22
6,36,Lonchurus elegans,22
6,36,Lonchurus elegans,22
6,36,Lonchurus elegans,22
7,38,Lonchurus elegans,22
7,38,Lonchurus elegans,22
7,40,Lonchurus elegans,22
6,36,Lonchurus elegans,21
6,36,Lonchurus elegans,21
6,36,Lonchurus elegans,21
7,38,Lonchurus elegans,21
7,38,Lonchurus elegans,21
7,40,Lonchurus elegans,21
4,20,Lonchurus elegans,20
4,20,Lonchurus elegans,20
4,20,Lonchurus elegans,20
4,20,Lonchurus elegans,20
4,20,Lonchurus elegans,20
6,36,Lonchurus elegans,20
6,36,Lonchurus elegans,20
7,38,Lonchurus elegans,20
7,38,Lonchurus elegans,20
7,40,Lonchurus elegans,20
7,40,Lonchurus elegans,20
7,40,Lonchurus elegans,20
7,40,Lonchurus elegans,20
7,40,Lonchurus elegans,20
7,40,Lonchurus elegans,20
7,40,Lonchurus elegans,20
4,20,Lonchurus elegans,19
6,36,Lonchurus elegans,19
6,36,Lonchurus elegans,19
6,36,Lonchurus elegans,19
6,36,Lonchurus elegans,19
7,40,Lonchurus elegans,19
7,38,Lonchurus elegans,18
7,38,Lonchurus elegans,18
7,40,Lonchurus elegans,18
7,40,Lonchurus elegans,18
6,36,Lonchurus elegans,17
7,38,Lonchurus elegans,17
4,20,Lonchurus elegans,15
6,36,Lonchurus elegans,15
7,38,Lonchurus elegans,15
4,20,Lonchurus elegans,14
6,36,Lonchurus elegans,14
6,36,Lonchurus elegans,12
6,36,Lonchurus elegans,12
7,38,Lonchurus elegans,12
4,20,Lonchurus elegans,11
6,36,Lonchurus elegans,9
7,40,Lonchurus elegans,7
4,20,Macrodon ancylodon,31
4,23,Macrodon ancylodon,30
6,33,Macrodon ancylodon,30
4,20,Macrodon ancylodon,29
6,33,Macrodon ancylodon,29
4,20,Macrodon ancylodon,28
4,23,Macrodon ancylodon,28
4,23,Macrodon ancylodon,28
4,23,Macrodon ancylodon,28
2,11,Macrodon ancylodon,27
2,11,Macrodon ancylodon,27
4,20,Macrodon ancylodon,27
6,33,Macrodon ancylodon,27
6,34,Macrodon ancylodon,27
2,11,Macrodon ancylodon,26
4,20,Macrodon ancylodon,26
4,20,Macrodon ancylodon,26
4,20,Macrodon ancylodon,26
4,20,Macrodon ancylodon,26
4,23,Macrodon ancylodon,26
5,25,Macrodon ancylodon,26
6,32,Macrodon ancylodon,26
6,32,Macrodon ancylodon,26
6,32,Macrodon ancylodon,26
6,33,Macrodon ancylodon,26
6,33,Macrodon ancylodon,26
6,35,Macrodon ancylodon,26
6,35,Macrodon ancylodon,26
2,11,Macrodon ancylodon,25
4,20,Macrodon ancylodon,25
4,20,Macrodon ancylodon,25
5,25,Macrodon ancylodon,25
5,25,Macrodon ancylodon,25
6,31,Macrodon ancylodon,25
6,33,Macrodon ancylodon,25
6,33,Macrodon ancylodon,25
6,34,Macrodon ancylodon,25
2,11,Macrodon ancylodon,24
4,20,Macrodon ancylodon,24
4,20,Macrodon ancylodon,24
4,20,Macrodon ancylodon,24
4,20,Macrodon ancylodon,24
4,20,Macrodon ancylodon,24
4,20,Macrodon ancylodon,24
6,31,Macrodon ancylodon,24
6,31,Macrodon ancylodon,24
6,33,Macrodon ancylodon,24
6,34,Macrodon ancylodon,24
7,39,Macrodon ancylodon,24
8,48,Macrodon ancylodon,24
8,48,Macrodon ancylodon,24
1,1,Macrodon ancylodon,23
2,10,Macrodon ancylodon,23
2,11,Macrodon ancylodon,23
2,11,Macrodon ancylodon,23
2,11,Macrodon ancylodon,23
2,11,Macrodon ancylodon,23
4,20,Macrodon ancylodon,23
4,20,Macrodon ancylodon,23
4,23,Macrodon ancylodon,23
4,23,Macrodon ancylodon,23
4,23,Macrodon ancylodon,23
4,23,Macrodon ancylodon,23
5,25,Macrodon ancylodon,23
5,25,Macrodon ancylodon,23
5,26,Macrodon ancylodon,23
5,26,Macrodon ancylodon,23
5,26,Macrodon ancylodon,23
6,31,Macrodon ancylodon,23
6,31,Macrodon ancylodon,23
6,33,Macrodon ancylodon,23
6,35,Macrodon ancylodon,23
7,38,Macrodon ancylodon,23
7,38,Macrodon ancylodon,23
7,38,Macrodon ancylodon,23
1,1,Macrodon ancylodon,22
1,1,Macrodon ancylodon,22
1,1,Macrodon ancylodon,22
2,10,Macrodon ancylodon,22
2,11,Macrodon ancylodon,22
2,11,Macrodon ancylodon,22
2,11,Macrodon ancylodon,22
2,11,Macrodon ancylodon,22
2,11,Macrodon ancylodon,22
4,20,Macrodon ancylodon,22
4,23,Macrodon ancylodon,22
5,25,Macrodon ancylodon,22
5,25,Macrodon ancylodon,22
5,25,Macrodon ancylodon,22
5,26,Macrodon ancylodon,22
5,26,Macrodon ancylodon,22
6,32,Macrodon ancylodon,22
6,33,Macrodon ancylodon,22
6,34,Macrodon ancylodon,22
7,38,Macrodon ancylodon,22
7,38,Macrodon ancylodon,22
7,39,Macrodon ancylodon,22
7,39,Macrodon ancylodon,22
8,48,Macrodon ancylodon,22
2,10,Macrodon ancylodon,21
2,10,Macrodon ancylodon,21
2,10,Macrodon ancylodon,21
2,11,Macrodon ancylodon,21
2,11,Macrodon ancylodon,21
4,20,Macrodon ancylodon,21
4,20,Macrodon ancylodon,21
4,20,Macrodon ancylodon,21
5,25,Macrodon ancylodon,21
6,33,Macrodon ancylodon,21
6,33,Macrodon ancylodon,21
6,34,Macrodon ancylodon,21
7,39,Macrodon ancylodon,21
7,39,Macrodon ancylodon,21
7,39,Macrodon ancylodon,21
1,1,Macrodon ancylodon,20
1,1,Macrodon ancylodon,20
2,10,Macrodon ancylodon,20
2,10,Macrodon ancylodon,20
4,20,Macrodon ancylodon,20
4,20,Macrodon ancylodon,20
5,25,Macrodon ancylodon,20
5,25,Macrodon ancylodon,20
5,25,Macrodon ancylodon,20
5,25,Macrodon ancylodon,20
5,25,Macrodon ancylodon,20
5,26,Macrodon ancylodon,20
6,31,Macrodon ancylodon,20
6,32,Macrodon ancylodon,20
6,34,Macrodon ancylodon,20
6,34,Macrodon ancylodon,20
6,34,Macrodon ancylodon,20
6,35,Macrodon ancylodon,20
7,38,Macrodon ancylodon,20
7,38,Macrodon ancylodon,20
7,38,Macrodon ancylodon,20
7,38,Macrodon ancylodon,20
7,38,Macrodon ancylodon,20
7,38,Macrodon ancylodon,20
7,38,Macrodon ancylodon,20
7,38,Macrodon ancylodon,20
7,39,Macrodon ancylodon,20
8,48,Macrodon ancylodon,20
8,48,Macrodon ancylodon,20
8,48,Macrodon ancylodon,20
1,1,Macrodon ancylodon,19
2,10,Macrodon ancylodon,19
2,10,Macrodon ancylodon,19
2,10,Macrodon ancylodon,19
2,11,Macrodon ancylodon,19
2,11,Macrodon ancylodon,19
4,20,Macrodon ancylodon,19
4,20,Macrodon ancylodon,19
5,25,Macrodon ancylodon,19
5,25,Macrodon ancylodon,19
5,25,Macrodon ancylodon,19
5,25,Macrodon ancylodon,19
5,26,Macrodon ancylodon,19
5,26,Macrodon ancylodon,19
5,26,Macrodon ancylodon,19
6,31,Macrodon ancylodon,19
6,31,Macrodon ancylodon,19
6,33,Macrodon ancylodon,19
6,33,Macrodon ancylodon,19
6,34,Macrodon ancylodon,19
6,34,Macrodon ancylodon,19
6,34,Macrodon ancylodon,19
6,35,Macrodon ancylodon,19
7,39,Macrodon ancylodon,19
7,39,Macrodon ancylodon,19
7,39,Macrodon ancylodon,19
7,39,Macrodon ancylodon,19
7,39,Macrodon ancylodon,19
8,48,Macrodon ancylodon,19
8,48,Macrodon ancylodon,19
8,48,Macrodon ancylodon,19
1,1,Macrodon ancylodon,18
1,1,Macrodon ancylodon,18
1,1,Macrodon ancylodon,18
1,1,Macrodon ancylodon,18
1,1,Macrodon ancylodon,18
1,1,Macrodon ancylodon,18
2,10,Macrodon ancylodon,18
2,10,Macrodon ancylodon,18
2,10,Macrodon ancylodon,18
2,11,Macrodon ancylodon,18
2,11,Macrodon ancylodon,18
4,19,Macrodon ancylodon,18
4,19,Macrodon ancylodon,18
4,19,Macrodon ancylodon,18
4,19,Macrodon ancylodon,18
4,19,Macrodon ancylodon,18
4,19,Macrodon ancylodon,18
4,20,Macrodon ancylodon,18
4,20,Macrodon ancylodon,18
4,23,Macrodon ancylodon,18
4,23,Macrodon ancylodon,18
5,25,Macrodon ancylodon,18
5,25,Macrodon ancylodon,18
5,25,Macrodon ancylodon,18
5,25,Macrodon ancylodon,18
5,25,Macrodon ancylodon,18
5,26,Macrodon ancylodon,18
5,26,Macrodon ancylodon,18
5,26,Macrodon ancylodon,18
5,26,Macrodon ancylodon,18
5,26,Macrodon ancylodon,18
6,31,Macrodon ancylodon,18
6,32,Macrodon ancylodon,18
6,32,Macrodon ancylodon,18
6,33,Macrodon ancylodon,18
6,33,Macrodon ancylodon,18
6,34,Macrodon ancylodon,18
6,34,Macrodon ancylodon,18
6,34,Macrodon ancylodon,18
6,34,Macrodon ancylodon,18
6,35,Macrodon ancylodon,18
6,35,Macrodon ancylodon,18
6,35,Macrodon ancylodon,18
7,38,Macrodon ancylodon,18
7,38,Macrodon ancylodon,18
7,38,Macrodon ancylodon,18
7,38,Macrodon ancylodon,18
7,38,Macrodon ancylodon,18
7,38,Macrodon ancylodon,18
7,38,Macrodon ancylodon,18
8,48,Macrodon ancylodon,18
2,10,Macrodon ancylodon,17
2,10,Macrodon ancylodon,17
2,10,Macrodon ancylodon,17
2,11,Macrodon ancylodon,17
4,19,Macrodon ancylodon,17
4,20,Macrodon ancylodon,17
4,23,Macrodon ancylodon,17
5,25,Macrodon ancylodon,17
5,25,Macrodon ancylodon,17
5,25,Macrodon ancylodon,17
6,31,Macrodon ancylodon,17
6,31,Macrodon ancylodon,17
6,31,Macrodon ancylodon,17
6,31,Macrodon ancylodon,17
6,31,Macrodon ancylodon,17
6,31,Macrodon ancylodon,17
6,32,Macrodon ancylodon,17
6,32,Macrodon ancylodon,17
6,32,Macrodon ancylodon,17
6,33,Macrodon ancylodon,17
6,34,Macrodon ancylodon,17
6,34,Macrodon ancylodon,17
6,34,Macrodon ancylodon,17
6,35,Macrodon ancylodon,17
7,38,Macrodon ancylodon,17
7,39,Macrodon ancylodon,17
7,39,Macrodon ancylodon,17
7,39,Macrodon ancylodon,17
1,1,Macrodon ancylodon,16
1,1,Macrodon ancylodon,16
2,10,Macrodon ancylodon,16
2,10,Macrodon ancylodon,16
2,11,Macrodon ancylodon,16
2,11,Macrodon ancylodon,16
4,19,Macrodon ancylodon,16
4,19,Macrodon ancylodon,16
4,19,Macrodon ancylodon,16
4,19,Macrodon ancylodon,16
4,19,Macrodon ancylodon,16
4,19,Macrodon ancylodon,16
4,19,Macrodon ancylodon,16
4,20,Macrodon ancylodon,16
4,23,Macrodon ancylodon,16
6,31,Macrodon ancylodon,16
6,31,Macrodon ancylodon,16
6,32,Macrodon ancylodon,16
6,32,Macrodon ancylodon,16
6,32,Macrodon ancylodon,16
6,33,Macrodon ancylodon,16
6,34,Macrodon ancylodon,16
6,34,Macrodon ancylodon,16
6,35,Macrodon ancylodon,16
6,35,Macrodon ancylodon,16
6,35,Macrodon ancylodon,16
7,38,Macrodon ancylodon,16
7,38,Macrodon ancylodon,16
7,38,Macrodon ancylodon,16
7,39,Macrodon ancylodon,16
7,39,Macrodon ancylodon,16
8,48,Macrodon ancylodon,16
1,1,Macrodon ancylodon,15
1,1,Macrodon ancylodon,15
1,1,Macrodon ancylodon,15
2,10,Macrodon ancylodon,15
4,19,Macrodon ancylodon,15
4,19,Macrodon ancylodon,15
4,19,Macrodon ancylodon,15
4,19,Macrodon ancylodon,15
4,23,Macrodon ancylodon,15
4,23,Macrodon ancylodon,15
4,23,Macrodon ancylodon,15
4,23,Macrodon ancylodon,15
4,23,Macrodon ancylodon,15
4,23,Macrodon ancylodon,15
4,23,Macrodon ancylodon,15
5,25,Macrodon ancylodon,15
5,25,Macrodon ancylodon,15
5,26,Macrodon ancylodon,15
6,31,Macrodon ancylodon,15
6,31,Macrodon ancylodon,15
6,32,Macrodon ancylodon,15
6,32,Macrodon ancylodon,15
6,32,Macrodon ancylodon,15
6,32,Macrodon ancylodon,15
6,33,Macrodon ancylodon,15
6,34,Macrodon ancylodon,15
6,34,Macrodon ancylodon,15
7,39,Macrodon ancylodon,15
7,39,Macrodon ancylodon,15
8,48,Macrodon ancylodon,15
8,48,Macrodon ancylodon,15
2,10,Macrodon ancylodon,14
2,10,Macrodon ancylodon,14
2,10,Macrodon ancylodon,14
2,11,Macrodon ancylodon,14
2,11,Macrodon ancylodon,14
4,19,Macrodon ancylodon,14
4,19,Macrodon ancylodon,14
4,19,Macrodon ancylodon,14
4,19,Macrodon ancylodon,14
4,19,Macrodon ancylodon,14
4,19,Macrodon ancylodon,14
4,23,Macrodon ancylodon,14
4,23,Macrodon ancylodon,14
4,23,Macrodon ancylodon,14
4,23,Macrodon ancylodon,14
5,26,Macrodon ancylodon,14
5,26,Macrodon ancylodon,14
6,32,Macrodon ancylodon,14
6,34,Macrodon ancylodon,14
6,35,Macrodon ancylodon,14
6,35,Macrodon ancylodon,14
7,38,Macrodon ancylodon,14
7,39,Macrodon ancylodon,14
7,39,Macrodon ancylodon,14
7,39,Macrodon ancylodon,14
7,39,Macrodon ancylodon,14
8,48,Macrodon ancylodon,14
8,48,Macrodon ancylodon,14
8,48,Macrodon ancylodon,14
8,48,Macrodon ancylodon,14
8,48,Macrodon ancylodon,14
1,1,Macrodon ancylodon,13
1,1,Macrodon ancylodon,13
1,1,Macrodon ancylodon,13
1,1,Macrodon ancylodon,13
2,10,Macrodon ancylodon,13
4,19,Macrodon ancylodon,13
4,19,Macrodon ancylodon,13
4,19,Macrodon ancylodon,13
4,20,Macrodon ancylodon,13
4,20,Macrodon ancylodon,13
4,23,Macrodon ancylodon,13
4,23,Macrodon ancylodon,13
5,26,Macrodon ancylodon,13
5,26,Macrodon ancylodon,13
5,26,Macrodon ancylodon,13
5,26,Macrodon ancylodon,13
5,26,Macrodon ancylodon,13
5,26,Macrodon ancylodon,13
6,31,Macrodon ancylodon,13
6,32,Macrodon ancylodon,13
6,32,Macrodon ancylodon,13
6,32,Macrodon ancylodon,13
6,33,Macrodon ancylodon,13
6,33,Macrodon ancylodon,13
6,33,Macrodon ancylodon,13
6,34,Macrodon ancylodon,13
6,35,Macrodon ancylodon,13
6,35,Macrodon ancylodon,13
7,39,Macrodon ancylodon,13
7,39,Macrodon ancylodon,13
7,39,Macrodon ancylodon,13
7,39,Macrodon ancylodon,13
8,48,Macrodon ancylodon,13
8,48,Macrodon ancylodon,13
8,48,Macrodon ancylodon,13
8,48,Macrodon ancylodon,13
1,1,Macrodon ancylodon,12
2,10,Macrodon ancylodon,12
2,11,Macrodon ancylodon,12
4,19,Macrodon ancylodon,12
4,19,Macrodon ancylodon,12
4,23,Macrodon ancylodon,12
5,26,Macrodon ancylodon,12
6,31,Macrodon ancylodon,12
6,31,Macrodon ancylodon,12
6,31,Macrodon ancylodon,12
6,32,Macrodon ancylodon,12
6,32,Macrodon ancylodon,12
6,33,Macrodon ancylodon,12
6,33,Macrodon ancylodon,12
6,33,Macrodon ancylodon,12
6,33,Macrodon ancylodon,12
6,34,Macrodon ancylodon,12
6,34,Macrodon ancylodon,12
6,35,Macrodon ancylodon,12
6,35,Macrodon ancylodon,12
6,35,Macrodon ancylodon,12
6,35,Macrodon ancylodon,12
6,35,Macrodon ancylodon,12
6,35,Macrodon ancylodon,12
6,35,Macrodon ancylodon,12
7,38,Macrodon ancylodon,12
7,38,Macrodon ancylodon,12
7,38,Macrodon ancylodon,12
7,39,Macrodon ancylodon,12
7,39,Macrodon ancylodon,12
8,48,Macrodon ancylodon,12
8,48,Macrodon ancylodon,12
8,48,Macrodon ancylodon,12
1,1,Macrodon ancylodon,11
2,10,Macrodon ancylodon,11
2,10,Macrodon ancylodon,11
2,10,Macrodon ancylodon,11
2,10,Macrodon ancylodon,11
2,11,Macrodon ancylodon,11
5,26,Macrodon ancylodon,11
5,26,Macrodon ancylodon,11
5,26,Macrodon ancylodon,11
5,26,Macrodon ancylodon,11
6,31,Macrodon ancylodon,11
6,31,Macrodon ancylodon,11
6,31,Macrodon ancylodon,11
6,31,Macrodon ancylodon,11
6,32,Macrodon ancylodon,11
6,32,Macrodon ancylodon,11
6,34,Macrodon ancylodon,11
6,34,Macrodon ancylodon,11
6,34,Macrodon ancylodon,11
6,34,Macrodon ancylodon,11
6,35,Macrodon ancylodon,11
7,38,Macrodon ancylodon,11
1,1,Macrodon ancylodon,10
1,1,Macrodon ancylodon,10
1,1,Macrodon ancylodon,10
4,23,Macrodon ancylodon,10
5,26,Macrodon ancylodon,10
5,26,Macrodon ancylodon,10
6,31,Macrodon ancylodon,10
6,31,Macrodon ancylodon,10
6,32,Macrodon ancylodon,10
6,32,Macrodon ancylodon,10
6,32,Macrodon ancylodon,10
6,33,Macrodon ancylodon,10
6,35,Macrodon ancylodon,10
6,35,Macrodon ancylodon,10
6,35,Macrodon ancylodon,10
6,35,Macrodon ancylodon,10
1,1,Macrodon ancylodon,9
1,1,Macrodon ancylodon,9
2,10,Macrodon ancylodon,9
4,19,Macrodon ancylodon,9
6,31,Macrodon ancylodon,9
6,33,Macrodon ancylodon,9
6,35,Macrodon ancylodon,9
6,35,Macrodon ancylodon,9
7,39,Macrodon ancylodon,9
8,48,Macrodon ancylodon,9
8,48,Macrodon ancylodon,9
8,48,Macrodon ancylodon,9
1,1,Macrodon ancylodon,8
2,11,Macrodon ancylodon,8
5,25,Macrodon ancylodon,8
6,32,Macrodon ancylodon,8
6,32,Macrodon ancylodon,8
6,33,Macrodon ancylodon,8
2,10,Macrodon ancylodon,7
5,25,Macrodon ancylodon,7
6,33,Macrodon ancylodon,7
7,38,Macrodon ancylodon,7
8,48,Macrodon ancylodon,7
2,11,Macrodon ancylodon,6
2,11,Macrodon ancylodon,6
1,4,Nebris microps,27
1,1,Nebris microps,23
1,1,Nebris microps,23
1,2,Nebris microps,23
1,4,Nebris microps,23
1,5,Nebris microps,23
1,6,Nebris microps,23
7,37,Nebris microps,23
1,2,Nebris microps,22
1,2,Nebris microps,22
1,5,Nebris microps,22
1,6,Nebris microps,22
1,6,Nebris microps,22
7,37,Nebris microps,22
8,47,Nebris microps,22
1,1,Nebris microps,21
1,2,Nebris microps,21
1,4,Nebris microps,21
7,37,Nebris microps,21
7,37,Nebris microps,21
7,37,Nebris microps,21
1,5,Nebris microps,20
1,6,Nebris microps,20
1,6,Nebris microps,20
7,37,Nebris microps,20
7,37,Nebris microps,20
7,37,Nebris microps,20
8,47,Nebris microps,20
1,1,Nebris microps,19
1,6,Nebris microps,19
7,37,Nebris microps,19
7,37,Nebris microps,19
8,47,Nebris microps,19
1,1,Nebris microps,18
1,2,Nebris microps,18
1,3,Nebris microps,18
1,6,Nebris microps,18
1,6,Nebris microps,18
7,37,Nebris microps,18
7,37,Nebris microps,18
7,37,Nebris microps,18
7,37,Nebris microps,18
7,37,Nebris microps,18
8,47,Nebris microps,18
8,47,Nebris microps,18
1,1,Nebris microps,17
1,4,Nebris microps,17
1,5,Nebris microps,17
1,6,Nebris microps,17
7,37,Nebris microps,17
1,6,Nebris microps,16
7,37,Nebris microps,16
8,47,Nebris microps,16
8,47,Nebris microps,16
8,47,Nebris microps,16
8,47,Nebris microps,16
8,48,Nebris microps,16
1,1,Nebris microps,15
1,4,Nebris microps,15
1,4,Nebris microps,15
1,4,Nebris microps,15
1,4,Nebris microps,15
1,6,Nebris microps,15
1,6,Nebris microps,15
1,6,Nebris microps,15
1,6,Nebris microps,15
8,47,Nebris microps,15
8,47,Nebris microps,15
8,47,Nebris microps,15
8,47,Nebris microps,15
8,47,Nebris microps,15
8,48,Nebris microps,15
8,48,Nebris microps,15
1,1,Nebris microps,14
1,1,Nebris microps,14
1,2,Nebris microps,14
1,2,Nebris microps,14
1,3,Nebris microps,14
1,4,Nebris microps,14
1,5,Nebris microps,14
1,5,Nebris microps,14
1,5,Nebris microps,14
1,5,Nebris microps,14
1,6,Nebris microps,14
7,37,Nebris microps,14
7,37,Nebris microps,14
8,47,Nebris microps,14
8,47,Nebris microps,14
8,47,Nebris microps,14
8,48,Nebris microps,14
8,48,Nebris microps,14
8,48,Nebris microps,14
8,48,Nebris microps,14
1,1,Nebris microps,13
1,2,Nebris microps,13
1,2,Nebris microps,13
1,3,Nebris microps,13
1,3,Nebris microps,13
1,3,Nebris microps,13
1,5,Nebris microps,13
1,5,Nebris microps,13
1,5,Nebris microps,13
1,6,Nebris microps,13
1,6,Nebris microps,13
1,6,Nebris microps,13
1,6,Nebris microps,13
1,6,Nebris microps,13
1,6,Nebris microps,13
8,47,Nebris microps,13
8,47,Nebris microps,13
8,47,Nebris microps,13
8,47,Nebris microps,13
8,48,Nebris microps,13
1,1,Nebris microps,12
1,1,Nebris microps,12
1,2,Nebris microps,12
1,3,Nebris microps,12
1,3,Nebris microps,12
1,3,Nebris microps,12
1,3,Nebris microps,12
1,4,Nebris microps,12
1,4,Nebris microps,12
1,4,Nebris microps,12
1,5,Nebris microps,12
1,5,Nebris microps,12
1,5,Nebris microps,12
1,6,Nebris microps,12
1,6,Nebris microps,12
7,37,Nebris microps,12
8,48,Nebris microps,12
8,48,Nebris microps,12
8,48,Nebris microps,12
8,48,Nebris microps,12
1,1,Nebris microps,11
1,1,Nebris microps,11
1,1,Nebris microps,11
1,1,Nebris microps,11
1,2,Nebris microps,11
1,2,Nebris microps,11
1,2,Nebris microps,11
1,2,Nebris microps,11
1,2,Nebris microps,11
1,3,Nebris microps,11
1,3,Nebris microps,11
1,3,Nebris microps,11
1,3,Nebris microps,11
1,3,Nebris microps,11
1,4,Nebris microps,11
1,4,Nebris microps,11
1,5,Nebris microps,11
1,5,Nebris microps,11
1,5,Nebris microps,11
1,5,Nebris microps,11
1,5,Nebris microps,11
1,5,Nebris microps,11
1,5,Nebris microps,11
1,6,Nebris microps,11
7,37,Nebris microps,11
7,37,Nebris microps,11
7,37,Nebris microps,11
7,37,Nebris microps,11
8,48,Nebris microps,11
8,48,Nebris microps,11
1,1,Nebris microps,10
1,1,Nebris microps,10
1,1,Nebris microps,10
1,2,Nebris microps,10
1,2,Nebris microps,10
1,2,Nebris microps,10
1,2,Nebris microps,10
1,2,Nebris microps,10
1,2,Nebris microps,10
1,3,Nebris microps,10
1,3,Nebris microps,10
1,3,Nebris microps,10
1,3,Nebris microps,10
1,3,Nebris microps,10
1,3,Nebris microps,10
1,3,Nebris microps,10
1,3,Nebris microps,10
1,4,Nebris microps,10
1,4,Nebris microps,10
1,4,Nebris microps,10
1,4,Nebris microps,10
1,4,Nebris microps,10
1,4,Nebris microps,10
1,6,Nebris microps,10
1,6,Nebris microps,10
1,6,Nebris microps,10
7,37,Nebris microps,10
7,37,Nebris microps,10
7,37,Nebris microps,10
8,47,Nebris microps,10
8,47,Nebris microps,10
8,47,Nebris microps,10
8,48,Nebris microps,10
8,48,Nebris microps,10
8,48,Nebris microps,10
8,48,Nebris microps,10
8,48,Nebris microps,10
1,1,Nebris microps,9
1,1,Nebris microps,9
1,1,Nebris microps,9
1,1,Nebris microps,9
1,1,Nebris microps,9
1,1,Nebris microps,9
1,2,Nebris microps,9
1,2,Nebris microps,9
1,2,Nebris microps,9
1,3,Nebris microps,9
1,3,Nebris microps,9
1,4,Nebris microps,9
1,4,Nebris microps,9
1,4,Nebris microps,9
1,4,Nebris microps,9
1,5,Nebris microps,9
1,5,Nebris microps,9
1,5,Nebris microps,9
1,6,Nebris microps,9
1,6,Nebris microps,9
7,37,Nebris microps,9
8,47,Nebris microps,9
8,47,Nebris microps,9
8,47,Nebris microps,9
8,47,Nebris microps,9
8,48,Nebris microps,9
1,1,Nebris microps,8
1,1,Nebris microps,8
1,1,Nebris microps,8
1,1,Nebris microps,8
1,2,Nebris microps,8
1,2,Nebris microps,8
1,2,Nebris microps,8
1,2,Nebris microps,8
1,2,Nebris microps,8
1,3,Nebris microps,8
1,3,Nebris microps,8
1,3,Nebris microps,8
1,3,Nebris microps,8
1,3,Nebris microps,8
1,4,Nebris microps,8
1,4,Nebris microps,8
1,4,Nebris microps,8
1,4,Nebris microps,8
1,4,Nebris microps,8
1,4,Nebris microps,8
1,5,Nebris microps,8
1,5,Nebris microps,8
1,5,Nebris microps,8
1,5,Nebris microps,8
1,5,Nebris microps,8
7,37,Nebris microps,8
7,37,Nebris microps,8
8,47,Nebris microps,8
8,47,Nebris microps,8
8,48,Nebris microps,8
8,48,Nebris microps,8
1,1,Nebris microps,7
1,3,Nebris microps,7
1,5,Nebris microps,7
8,48,Nebris microps,7
1,2,Nebris microps,6
1,6,Paralonchurus brasiliensis,25
1,5,Paralonchurus brasiliensis,24
1,6,Paralonchurus brasiliensis,19
1,3,Paralonchurus brasiliensis,15
1,6,Paralonchurus brasiliensis,15
1,3,Paralonchurus brasiliensis,13
1,3,Paralonchurus brasiliensis,13
1,3,Paralonchurus brasiliensis,13
1,3,Paralonchurus brasiliensis,13
1,3,Paralonchurus brasiliensis,13
1,3,Paralonchurus brasiliensis,13
1,6,Paralonchurus brasiliensis,13
1,6,Paralonchurus brasiliensis,13
1,6,Paralonchurus brasiliensis,13
1,6,Paralonchurus brasiliensis,13
1,6,Paralonchurus brasiliensis,13
1,3,Paralonchurus brasiliensis,12
1,3,Paralonchurus brasiliensis,12
1,5,Paralonchurus brasiliensis,12
1,5,Paralonchurus brasiliensis,12
1,6,Paralonchurus brasiliensis,12
1,3,Paralonchurus brasiliensis,11
1,3,Paralonchurus brasiliensis,11
1,3,Paralonchurus brasiliensis,11
1,3,Paralonchurus brasiliensis,11
1,3,Paralonchurus brasiliensis,11
1,3,Paralonchurus brasiliensis,11
1,3,Paralonchurus brasiliensis,11
1,3,Paralonchurus brasiliensis,11
1,3,Paralonchurus brasiliensis,11
1,3,Paralonchurus brasiliensis,11
1,5,Paralonchurus brasiliensis,11
1,5,Paralonchurus brasiliensis,11
1,5,Paralonchurus brasiliensis,11
1,5,Paralonchurus brasiliensis,11
1,5,Paralonchurus brasiliensis,11
1,5,Paralonchurus brasiliensis,11
1,5,Paralonchurus brasiliensis,11
1,5,Paralonchurus brasiliensis,11
1,6,Paralonchurus brasiliensis,11
1,6,Paralonchurus brasiliensis,11
1,6,Paralonchurus brasiliensis,11
1,6,Paralonchurus brasiliensis,11
1,6,Paralonchurus brasiliensis,11
1,3,Paralonchurus brasiliensis,10
1,3,Paralonchurus brasiliensis,10
1,3,Paralonchurus brasiliensis,10
1,3,Paralonchurus brasiliensis,10
1,5,Paralonchurus brasiliensis,10
1,5,Paralonchurus brasiliensis,10
1,6,Paralonchurus brasiliensis,10
1,6,Paralonchurus brasiliensis,10
1,6,Paralonchurus brasiliensis,10
1,6,Paralonchurus brasiliensis,10
1,3,Paralonchurus brasiliensis,9
1,3,Paralonchurus brasiliensis,9
1,3,Paralonchurus brasiliensis,9
1,3,Paralonchurus brasiliensis,9
1,3,Paralonchurus brasiliensis,9
1,5,Paralonchurus brasiliensis,9
1,5,Paralonchurus brasiliensis,9
1,5,Paralonchurus brasiliensis,9
1,5,Paralonchurus brasiliensis,9
1,5,Paralonchurus brasiliensis,9
1,5,Paralonchurus brasiliensis,9
1,5,Paralonchurus brasiliensis,9
1,5,Paralonchurus brasiliensis,9
1,6,Paralonchurus brasiliensis,9
1,6,Paralonchurus brasiliensis,9
1,6,Paralonchurus brasiliensis,9
1,6,Paralonchurus brasiliensis,9
1,6,Paralonchurus brasiliensis,9
1,6,Paralonchurus brasiliensis,9
1,6,Paralonchurus brasiliensis,9
1,3,Paralonchurus brasiliensis,8
1,3,Paralonchurus brasiliensis,8
1,5,Paralonchurus brasiliensis,8
1,5,Paralonchurus brasiliensis,8
1,5,Paralonchurus brasiliensis,8
1,5,Paralonchurus brasiliensis,8
1,5,Paralonchurus brasiliensis,8
1,5,Paralonchurus brasiliensis,8
1,5,Paralonchurus brasiliensis,8
1,6,Paralonchurus brasiliensis,8
1,6,Paralonchurus brasiliensis,8
1,6,Paralonchurus brasiliensis,8
1,5,Paralonchurus brasiliensis,7
1,5,Paralonchurus brasiliensis,5
1,6,Paralonchurus brasiliensis,5
1,2,Stellifer microps,23
2,8,Stellifer microps,21
1,6,Stellifer microps,20
1,6,Stellifer microps,20
2,8,Stellifer microps,20
3,17,Stellifer microps,20
1,1,Stellifer microps,19
2,8,Stellifer microps,19
2,11,Stellifer microps,19
4,21,Stellifer microps,19
1,1,Stellifer microps,18
1,1,Stellifer microps,18
1,2,Stellifer microps,18
1,4,Stellifer microps,18
1,4,Stellifer microps,18
1,4,Stellifer microps,18
1,5,Stellifer microps,18
1,6,Stellifer microps,18
1,6,Stellifer microps,18
2,8,Stellifer microps,18
2,8,Stellifer microps,18
2,8,Stellifer microps,18
2,8,Stellifer microps,18
2,8,Stellifer microps,18
3,16,Stellifer microps,18
3,16,Stellifer microps,18
3,16,Stellifer microps,18
3,16,Stellifer microps,18
3,16,Stellifer microps,18
3,17,Stellifer microps,18
3,17,Stellifer microps,18
3,17,Stellifer microps,18
3,17,Stellifer microps,18
3,17,Stellifer microps,18
5,29,Stellifer microps,18
5,29,Stellifer microps,18
5,29,Stellifer microps,18
5,29,Stellifer microps,18
5,29,Stellifer microps,18
6,33,Stellifer microps,18
6,33,Stellifer microps,18
6,33,Stellifer microps,18
6,35,Stellifer microps,18
7,37,Stellifer microps,18
1,1,Stellifer microps,17
1,1,Stellifer microps,17
1,1,Stellifer microps,17
1,2,Stellifer microps,17
1,2,Stellifer microps,17
1,4,Stellifer microps,17
1,5,Stellifer microps,17
1,5,Stellifer microps,17
1,5,Stellifer microps,17
1,6,Stellifer microps,17
1,6,Stellifer microps,17
2,8,Stellifer microps,17
2,8,Stellifer microps,17
2,8,Stellifer microps,17
2,8,Stellifer microps,17
2,10,Stellifer microps,17
2,10,Stellifer microps,17
2,10,Stellifer microps,17
2,10,Stellifer microps,17
2,10,Stellifer microps,17
2,11,Stellifer microps,17
2,11,Stellifer microps,17
2,11,Stellifer microps,17
2,11,Stellifer microps,17
3,16,Stellifer microps,17
3,16,Stellifer microps,17
3,16,Stellifer microps,17
3,16,Stellifer microps,17
3,17,Stellifer microps,17
3,17,Stellifer microps,17
5,29,Stellifer microps,17
5,29,Stellifer microps,17
5,29,Stellifer microps,17
5,29,Stellifer microps,17
6,33,Stellifer microps,17
6,33,Stellifer microps,17
6,35,Stellifer microps,17
6,35,Stellifer microps,17
7,37,Stellifer microps,17
1,1,Stellifer microps,16
1,2,Stellifer microps,16
1,4,Stellifer microps,16
1,5,Stellifer microps,16
1,6,Stellifer microps,16
1,6,Stellifer microps,16
2,8,Stellifer microps,16
2,10,Stellifer microps,16
2,10,Stellifer microps,16
2,11,Stellifer microps,16
2,11,Stellifer microps,16
2,11,Stellifer microps,16
2,11,Stellifer microps,16
2,11,Stellifer microps,16
2,11,Stellifer microps,16
2,11,Stellifer microps,16
3,16,Stellifer microps,16
3,16,Stellifer microps,16
3,17,Stellifer microps,16
3,17,Stellifer microps,16
3,17,Stellifer microps,16
3,17,Stellifer microps,16
3,17,Stellifer microps,16
3,17,Stellifer microps,16
3,17,Stellifer microps,16
5,29,Stellifer microps,16
5,29,Stellifer microps,16
6,31,Stellifer microps,16
6,33,Stellifer microps,16
6,33,Stellifer microps,16
6,33,Stellifer microps,16
6,33,Stellifer microps,16
6,33,Stellifer microps,16
6,35,Stellifer microps,16
6,35,Stellifer microps,16
6,35,Stellifer microps,16
7,37,Stellifer microps,16
7,37,Stellifer microps,16
7,37,Stellifer microps,16
8,46,Stellifer microps,16
8,46,Stellifer microps,16
8,47,Stellifer microps,16
1,1,Stellifer microps,15
1,1,Stellifer microps,15
1,1,Stellifer microps,15
1,2,Stellifer microps,15
1,2,Stellifer microps,15
1,2,Stellifer microps,15
1,3,Stellifer microps,15
1,5,Stellifer microps,15
1,5,Stellifer microps,15
1,5,Stellifer microps,15
1,5,Stellifer microps,15
1,6,Stellifer microps,15
1,6,Stellifer microps,15
1,6,Stellifer microps,15
1,6,Stellifer microps,15
1,6,Stellifer microps,15
2,8,Stellifer microps,15
2,8,Stellifer microps,15
2,8,Stellifer microps,15
2,8,Stellifer microps,15
2,8,Stellifer microps,15
2,8,Stellifer microps,15
2,10,Stellifer microps,15
2,10,Stellifer microps,15
2,10,Stellifer microps,15
2,11,Stellifer microps,15
2,11,Stellifer microps,15
3,16,Stellifer microps,15
3,17,Stellifer microps,15
3,17,Stellifer microps,15
3,17,Stellifer microps,15
3,17,Stellifer microps,15
4,21,Stellifer microps,15
4,21,Stellifer microps,15
4,21,Stellifer microps,15
5,29,Stellifer microps,15
6,31,Stellifer microps,15
6,31,Stellifer microps,15
6,31,Stellifer microps,15
6,31,Stellifer microps,15
6,33,Stellifer microps,15
6,33,Stellifer microps,15
6,33,Stellifer microps,15
6,35,Stellifer microps,15
6,35,Stellifer microps,15
6,35,Stellifer microps,15
7,37,Stellifer microps,15
7,37,Stellifer microps,15
7,37,Stellifer microps,15
7,37,Stellifer microps,15
7,39,Stellifer microps,15
7,39,Stellifer microps,15
7,39,Stellifer microps,15
7,39,Stellifer microps,15
8,46,Stellifer microps,15
8,46,Stellifer microps,15
8,46,Stellifer microps,15
8,47,Stellifer microps,15
8,47,Stellifer microps,15
8,47,Stellifer microps,15
1,1,Stellifer microps,14
1,2,Stellifer microps,14
1,2,Stellifer microps,14
1,4,Stellifer microps,14
1,5,Stellifer microps,14
1,5,Stellifer microps,14
1,5,Stellifer microps,14
1,6,Stellifer microps,14
1,6,Stellifer microps,14
1,6,Stellifer microps,14
1,6,Stellifer microps,14
1,6,Stellifer microps,14
2,8,Stellifer microps,14
2,8,Stellifer microps,14
2,8,Stellifer microps,14
2,11,Stellifer microps,14
2,11,Stellifer microps,14
2,11,Stellifer microps,14
2,11,Stellifer microps,14
3,17,Stellifer microps,14
4,19,Stellifer microps,14
4,19,Stellifer microps,14
4,19,Stellifer microps,14
4,21,Stellifer microps,14
4,21,Stellifer microps,14
4,21,Stellifer microps,14
4,21,Stellifer microps,14
6,31,Stellifer microps,14
6,31,Stellifer microps,14
6,31,Stellifer microps,14
6,33,Stellifer microps,14
6,33,Stellifer microps,14
6,33,Stellifer microps,14
6,33,Stellifer microps,14
6,33,Stellifer microps,14
6,33,Stellifer microps,14
6,35,Stellifer microps,14
6,35,Stellifer microps,14
6,35,Stellifer microps,14
6,35,Stellifer microps,14
7,37,Stellifer microps,14
7,37,Stellifer microps,14
7,37,Stellifer microps,14
7,37,Stellifer microps,14
7,37,Stellifer microps,14
7,37,Stellifer microps,14
7,37,Stellifer microps,14
7,39,Stellifer microps,14
7,39,Stellifer microps,14
7,39,Stellifer microps,14
7,39,Stellifer microps,14
7,39,Stellifer microps,14
8,46,Stellifer microps,14
8,46,Stellifer microps,14
8,46,Stellifer microps,14
8,46,Stellifer microps,14
8,46,Stellifer microps,14
8,46,Stellifer microps,14
8,46,Stellifer microps,14
8,46,Stellifer microps,14
8,47,Stellifer microps,14
8,47,Stellifer microps,14
8,47,Stellifer microps,14
8,47,Stellifer microps,14
8,47,Stellifer microps,14
8,47,Stellifer microps,14
8,47,Stellifer microps,14
8,47,Stellifer microps,14
8,47,Stellifer microps,14
8,47,Stellifer microps,14
8,47,Stellifer microps,14
8,47,Stellifer microps,14
8,47,Stellifer microps,14
1,1,Stellifer microps,13
1,1,Stellifer microps,13
1,1,Stellifer microps,13
1,2,Stellifer microps,13
1,3,Stellifer microps,13
1,4,Stellifer microps,13
1,4,Stellifer microps,13
1,4,Stellifer microps,13
1,4,Stellifer microps,13
1,5,Stellifer microps,13
1,5,Stellifer microps,13
1,5,Stellifer microps,13
1,6,Stellifer microps,13
1,6,Stellifer microps,13
2,8,Stellifer microps,13
2,8,Stellifer microps,13
2,8,Stellifer microps,13
2,8,Stellifer microps,13
2,8,Stellifer microps,13
2,10,Stellifer microps,13
2,10,Stellifer microps,13
2,10,Stellifer microps,13
2,11,Stellifer microps,13
2,11,Stellifer microps,13
2,11,Stellifer microps,13
2,11,Stellifer microps,13
3,16,Stellifer microps,13
3,16,Stellifer microps,13
3,17,Stellifer microps,13
3,17,Stellifer microps,13
3,17,Stellifer microps,13
3,17,Stellifer microps,13
3,17,Stellifer microps,13
4,19,Stellifer microps,13
4,19,Stellifer microps,13
4,19,Stellifer microps,13
4,19,Stellifer microps,13
4,21,Stellifer microps,13
4,21,Stellifer microps,13
5,29,Stellifer microps,13
5,29,Stellifer microps,13
6,31,Stellifer microps,13
6,31,Stellifer microps,13
6,31,Stellifer microps,13
6,31,Stellifer microps,13
6,31,Stellifer microps,13
6,33,Stellifer microps,13
6,33,Stellifer microps,13
6,35,Stellifer microps,13
6,35,Stellifer microps,13
7,37,Stellifer microps,13
7,37,Stellifer microps,13
7,37,Stellifer microps,13
7,37,Stellifer microps,13
7,39,Stellifer microps,13
7,39,Stellifer microps,13
7,39,Stellifer microps,13
7,39,Stellifer microps,13
7,39,Stellifer microps,13
7,39,Stellifer microps,13
8,46,Stellifer microps,13
8,46,Stellifer microps,13
8,46,Stellifer microps,13
8,46,Stellifer microps,13
8,46,Stellifer microps,13
8,46,Stellifer microps,13
8,46,Stellifer microps,13
8,46,Stellifer microps,13
8,47,Stellifer microps,13
8,47,Stellifer microps,13
8,47,Stellifer microps,13
8,47,Stellifer microps,13
1,1,Stellifer microps,12
1,1,Stellifer microps,12
1,2,Stellifer microps,12
1,3,Stellifer microps,12
1,3,Stellifer microps,12
1,3,Stellifer microps,12
1,3,Stellifer microps,12
1,4,Stellifer microps,12
1,6,Stellifer microps,12
1,6,Stellifer microps,12
2,10,Stellifer microps,12
2,10,Stellifer microps,12
2,10,Stellifer microps,12
2,11,Stellifer microps,12
2,11,Stellifer microps,12
3,16,Stellifer microps,12
4,19,Stellifer microps,12
4,19,Stellifer microps,12
4,19,Stellifer microps,12
4,21,Stellifer microps,12
4,21,Stellifer microps,12
5,29,Stellifer microps,12
6,31,Stellifer microps,12
6,31,Stellifer microps,12
6,31,Stellifer microps,12
6,31,Stellifer microps,12
6,31,Stellifer microps,12
6,31,Stellifer microps,12
6,31,Stellifer microps,12
6,31,Stellifer microps,12
6,31,Stellifer microps,12
6,31,Stellifer microps,12
6,33,Stellifer microps,12
6,35,Stellifer microps,12
6,35,Stellifer microps,12
6,35,Stellifer microps,12
6,35,Stellifer microps,12
6,35,Stellifer microps,12
7,37,Stellifer microps,12
7,37,Stellifer microps,12
7,37,Stellifer microps,12
7,37,Stellifer microps,12
7,37,Stellifer microps,12
7,37,Stellifer microps,12
7,39,Stellifer microps,12
7,39,Stellifer microps,12
7,39,Stellifer microps,12
7,39,Stellifer microps,12
7,39,Stellifer microps,12
7,39,Stellifer microps,12
7,39,Stellifer microps,12
7,39,Stellifer microps,12
8,46,Stellifer microps,12
8,46,Stellifer microps,12
8,46,Stellifer microps,12
8,46,Stellifer microps,12
8,47,Stellifer microps,12
8,47,Stellifer microps,12
1,1,Stellifer microps,11
1,1,Stellifer microps,11
1,2,Stellifer microps,11
1,2,Stellifer microps,11
1,2,Stellifer microps,11
1,2,Stellifer microps,11
1,2,Stellifer microps,11
1,2,Stellifer microps,11
1,2,Stellifer microps,11
1,3,Stellifer microps,11
1,3,Stellifer microps,11
1,3,Stellifer microps,11
1,3,Stellifer microps,11
1,3,Stellifer microps,11
1,3,Stellifer microps,11
1,3,Stellifer microps,11
1,4,Stellifer microps,11
1,4,Stellifer microps,11
1,4,Stellifer microps,11
1,4,Stellifer microps,11
1,5,Stellifer microps,11
1,5,Stellifer microps,11
1,5,Stellifer microps,11
1,5,Stellifer microps,11
1,5,Stellifer microps,11
1,5,Stellifer microps,11
1,6,Stellifer microps,11
1,6,Stellifer microps,11
1,6,Stellifer microps,11
1,6,Stellifer microps,11
2,8,Stellifer microps,11
2,10,Stellifer microps,11
2,10,Stellifer microps,11
2,10,Stellifer microps,11
2,11,Stellifer microps,11
2,11,Stellifer microps,11
3,17,Stellifer microps,11
3,17,Stellifer microps,11
4,19,Stellifer microps,11
4,19,Stellifer microps,11
4,19,Stellifer microps,11
4,19,Stellifer microps,11
4,21,Stellifer microps,11
4,21,Stellifer microps,11
4,21,Stellifer microps,11
4,21,Stellifer microps,11
4,21,Stellifer microps,11
6,31,Stellifer microps,11
6,31,Stellifer microps,11
6,31,Stellifer microps,11
6,31,Stellifer microps,11
6,31,Stellifer microps,11
6,33,Stellifer microps,11
6,33,Stellifer microps,11
6,33,Stellifer microps,11
6,33,Stellifer microps,11
6,35,Stellifer microps,11
6,35,Stellifer microps,11
6,35,Stellifer microps,11
6,35,Stellifer microps,11
6,35,Stellifer microps,11
6,35,Stellifer microps,11
6,35,Stellifer microps,11
6,35,Stellifer microps,11
7,37,Stellifer microps,11
7,37,Stellifer microps,11
7,39,Stellifer microps,11
8,47,Stellifer microps,11
1,1,Stellifer microps,10
1,1,Stellifer microps,10
1,2,Stellifer microps,10
1,2,Stellifer microps,10
1,2,Stellifer microps,10
1,2,Stellifer microps,10
1,2,Stellifer microps,10
1,2,Stellifer microps,10
1,3,Stellifer microps,10
1,3,Stellifer microps,10
1,3,Stellifer microps,10
1,3,Stellifer microps,10
1,3,Stellifer microps,10
1,3,Stellifer microps,10
1,3,Stellifer microps,10
1,3,Stellifer microps,10
1,3,Stellifer microps,10
1,4,Stellifer microps,10
1,4,Stellifer microps,10
1,4,Stellifer microps,10
1,4,Stellifer microps,10
1,4,Stellifer microps,10
1,4,Stellifer microps,10
1,4,Stellifer microps,10
1,6,Stellifer microps,10
2,8,Stellifer microps,10
2,10,Stellifer microps,10
2,10,Stellifer microps,10
2,10,Stellifer microps,10
2,11,Stellifer microps,10
2,11,Stellifer microps,10
3,16,Stellifer microps,10
3,16,Stellifer microps,10
3,16,Stellifer microps,10
3,16,Stellifer microps,10
3,16,Stellifer microps,10
3,16,Stellifer microps,10
3,16,Stellifer microps,10
3,16,Stellifer microps,10
3,17,Stellifer microps,10
3,17,Stellifer microps,10
4,19,Stellifer microps,10
4,19,Stellifer microps,10
4,19,Stellifer microps,10
4,19,Stellifer microps,10
4,19,Stellifer microps,10
4,19,Stellifer microps,10
4,19,Stellifer microps,10
4,19,Stellifer microps,10
4,19,Stellifer microps,10
4,19,Stellifer microps,10
4,19,Stellifer microps,10
4,19,Stellifer microps,10
4,21,Stellifer microps,10
4,21,Stellifer microps,10
4,21,Stellifer microps,10
4,21,Stellifer microps,10
5,29,Stellifer microps,10
5,29,Stellifer microps,10
5,29,Stellifer microps,10
5,29,Stellifer microps,10
5,29,Stellifer microps,10
5,29,Stellifer microps,10
5,29,Stellifer microps,10
5,29,Stellifer microps,10
6,31,Stellifer microps,10
6,31,Stellifer microps,10
6,33,Stellifer microps,10
6,33,Stellifer microps,10
6,33,Stellifer microps,10
6,35,Stellifer microps,10
7,37,Stellifer microps,10
7,37,Stellifer microps,10
7,39,Stellifer microps,10
7,39,Stellifer microps,10
7,39,Stellifer microps,10
7,39,Stellifer microps,10
8,47,Stellifer microps,10
8,47,Stellifer microps,10
1,1,Stellifer microps,9
1,1,Stellifer microps,9
1,1,Stellifer microps,9
1,1,Stellifer microps,9
1,2,Stellifer microps,9
1,2,Stellifer microps,9
1,2,Stellifer microps,9
1,3,Stellifer microps,9
1,3,Stellifer microps,9
1,3,Stellifer microps,9
1,3,Stellifer microps,9
1,4,Stellifer microps,9
1,4,Stellifer microps,9
1,5,Stellifer microps,9
1,5,Stellifer microps,9
1,5,Stellifer microps,9
1,5,Stellifer microps,9
1,5,Stellifer microps,9
1,5,Stellifer microps,9
2,10,Stellifer microps,9
2,10,Stellifer microps,9
2,10,Stellifer microps,9
2,10,Stellifer microps,9
2,11,Stellifer microps,9
2,11,Stellifer microps,9
3,16,Stellifer microps,9
3,16,Stellifer microps,9
3,16,Stellifer microps,9
3,16,Stellifer microps,9
3,16,Stellifer microps,9
3,16,Stellifer microps,9
3,16,Stellifer microps,9
4,19,Stellifer microps,9
4,19,Stellifer microps,9
4,19,Stellifer microps,9
4,19,Stellifer microps,9
4,21,Stellifer microps,9
4,21,Stellifer microps,9
4,21,Stellifer microps,9
4,21,Stellifer microps,9
5,29,Stellifer microps,9
5,29,Stellifer microps,9
5,29,Stellifer microps,9
5,29,Stellifer microps,9
5,29,Stellifer microps,9
5,29,Stellifer microps,9
5,29,Stellifer microps,9
7,39,Stellifer microps,9
7,39,Stellifer microps,9
1,1,Stellifer microps,8
1,1,Stellifer microps,8
1,1,Stellifer microps,8
1,1,Stellifer microps,8
1,1,Stellifer microps,8
1,2,Stellifer microps,8
1,2,Stellifer microps,8
1,3,Stellifer microps,8
1,3,Stellifer microps,8
1,3,Stellifer microps,8
1,3,Stellifer microps,8
1,4,Stellifer microps,8
1,4,Stellifer microps,8
1,4,Stellifer microps,8
1,4,Stellifer microps,8
1,5,Stellifer microps,8
1,5,Stellifer microps,8
1,5,Stellifer microps,8
2,8,Stellifer microps,8
2,10,Stellifer microps,8
2,10,Stellifer microps,8
2,10,Stellifer microps,8
3,13,Stellifer microps,8
3,13,Stellifer microps,8
3,13,Stellifer microps,8
3,13,Stellifer microps,8
3,13,Stellifer microps,8
3,17,Stellifer microps,8
4,21,Stellifer microps,8
4,21,Stellifer microps,8
4,21,Stellifer microps,8
6,33,Stellifer microps,8
1,1,Stellifer microps,7
1,4,Stellifer microps,7
1,6,Stellifer microps,7
3,13,Stellifer microps,7
3,13,Stellifer microps,7
3,13,Stellifer microps,7
3,13,Stellifer microps,7
3,13,Stellifer microps,7
3,14,Stellifer microps,7
3,14,Stellifer microps,7
3,14,Stellifer microps,7
3,14,Stellifer microps,7
3,14,Stellifer microps,7
3,14,Stellifer microps,7
3,14,Stellifer microps,7
3,15,Stellifer microps,7
3,15,Stellifer microps,7
3,15,Stellifer microps,7
4,21,Stellifer microps,7
6,35,Stellifer microps,7
8,46,Stellifer microps,7
8,46,Stellifer microps,7
8,46,Stellifer microps,7
8,46,Stellifer microps,7
8,47,Stellifer microps,7
1,4,Stellifer microps,6
1,6,Stellifer microps,6
1,6,Stellifer microps,6
3,13,Stellifer microps,6
3,13,Stellifer microps,6
3,13,Stellifer microps,6
3,13,Stellifer microps,6
3,13,Stellifer microps,6
3,13,Stellifer microps,6
3,13,Stellifer microps,6
3,13,Stellifer microps,6
3,13,Stellifer microps,6
3,13,Stellifer microps,6
3,14,Stellifer microps,6
3,14,Stellifer microps,6
3,14,Stellifer microps,6
3,14,Stellifer microps,6
3,14,Stellifer microps,6
3,14,Stellifer microps,6
3,14,Stellifer microps,6
3,14,Stellifer microps,6
3,14,Stellifer microps,6
3,15,Stellifer microps,6
3,15,Stellifer microps,6
3,15,Stellifer microps,6
3,15,Stellifer microps,6
3,15,Stellifer microps,6
3,15,Stellifer microps,6
3,15,Stellifer microps,6
4,19,Stellifer microps,6
4,21,Stellifer microps,6
2,10,Stellifer microps,5
3,13,Stellifer microps,5
3,13,Stellifer microps,5
3,13,Stellifer microps,5
3,13,Stellifer microps,5
3,13,Stellifer microps,5
3,14,Stellifer microps,5
3,14,Stellifer microps,5
3,14,Stellifer microps,5
3,14,Stellifer microps,5
3,15,Stellifer microps,5
3,15,Stellifer microps,5
3,15,Stellifer microps,5
3,15,Stellifer microps,5
3,15,Stellifer microps,5
3,15,Stellifer microps,5
3,16,Stellifer microps,5
3,13,Stellifer microps,4
3,13,Stellifer microps,4
3,13,Stellifer microps,4
3,14,Stellifer microps,4
3,14,Stellifer microps,4
3,14,Stellifer microps,4
3,14,Stellifer microps,4
3,15,Stellifer microps,4
3,15,Stellifer microps,4
3,15,Stellifer microps,4
3,15,Stellifer microps,4
3,15,Stellifer microps,4
3,15,Stellifer microps,4
3,13,Stellifer microps,3
3,14,Stellifer microps,3
3,14,Stellifer microps,3
3,14,Stellifer microps,3
3,14,Stellifer microps,3
3,14,Stellifer microps,3
3,15,Stellifer microps,3
3,15,Stellifer microps,3
3,15,Stellifer microps,3
3,15,Stellifer microps,3
3,15,Stellifer microps,3
3,15,Stellifer microps,3
3,15,Stellifer microps,3
3,13,Stellifer microps,2
3,14,Stellifer microps,2
3,15,Stellifer microps,2
2,8,Stellifer rastrifer,24
2,7,Stellifer rastrifer,21
6,33,Stellifer rastrifer,21
2,7,Stellifer rastrifer,20
2,7,Stellifer rastrifer,20
2,8,Stellifer rastrifer,20
6,33,Stellifer rastrifer,20
6,31,Stellifer rastrifer,19
6,35,Stellifer rastrifer,19
8,48,Stellifer rastrifer,19
2,11,Stellifer rastrifer,18
6,33,Stellifer rastrifer,18
1,1,Stellifer rastrifer,17
2,7,Stellifer rastrifer,17
2,7,Stellifer rastrifer,17
2,7,Stellifer rastrifer,17
2,7,Stellifer rastrifer,17
2,7,Stellifer rastrifer,17
2,7,Stellifer rastrifer,17
2,7,Stellifer rastrifer,17
2,8,Stellifer rastrifer,17
2,11,Stellifer rastrifer,17
2,11,Stellifer rastrifer,17
2,11,Stellifer rastrifer,17
2,11,Stellifer rastrifer,17
6,33,Stellifer rastrifer,17
6,33,Stellifer rastrifer,17
6,34,Stellifer rastrifer,17
8,46,Stellifer rastrifer,17
8,47,Stellifer rastrifer,17
2,7,Stellifer rastrifer,16
2,7,Stellifer rastrifer,16
2,7,Stellifer rastrifer,16
2,7,Stellifer rastrifer,16
2,8,Stellifer rastrifer,16
2,11,Stellifer rastrifer,16
6,32,Stellifer rastrifer,16
6,32,Stellifer rastrifer,16
6,32,Stellifer rastrifer,16
6,32,Stellifer rastrifer,16
6,33,Stellifer rastrifer,16
6,33,Stellifer rastrifer,16
8,46,Stellifer rastrifer,16
8,48,Stellifer rastrifer,16
1,1,Stellifer rastrifer,15
1,1,Stellifer rastrifer,15
1,1,Stellifer rastrifer,15
1,1,Stellifer rastrifer,15
1,2,Stellifer rastrifer,15
1,6,Stellifer rastrifer,15
1,6,Stellifer rastrifer,15
1,6,Stellifer rastrifer,15
2,7,Stellifer rastrifer,15
2,7,Stellifer rastrifer,15
2,7,Stellifer rastrifer,15
2,7,Stellifer rastrifer,15
2,8,Stellifer rastrifer,15
2,8,Stellifer rastrifer,15
2,8,Stellifer rastrifer,15
2,8,Stellifer rastrifer,15
2,8,Stellifer rastrifer,15
2,8,Stellifer rastrifer,15
2,8,Stellifer rastrifer,15
2,11,Stellifer rastrifer,15
2,11,Stellifer rastrifer,15
5,27,Stellifer rastrifer,15
6,32,Stellifer rastrifer,15
6,32,Stellifer rastrifer,15
6,32,Stellifer rastrifer,15
6,33,Stellifer rastrifer,15
6,33,Stellifer rastrifer,15
6,34,Stellifer rastrifer,15
6,35,Stellifer rastrifer,15
6,36,Stellifer rastrifer,15
7,41,Stellifer rastrifer,15
8,46,Stellifer rastrifer,15
8,47,Stellifer rastrifer,15
1,3,Stellifer rastrifer,14
1,6,Stellifer rastrifer,14
1,6,Stellifer rastrifer,14
2,7,Stellifer rastrifer,14
2,8,Stellifer rastrifer,14
2,8,Stellifer rastrifer,14
2,11,Stellifer rastrifer,14
5,27,Stellifer rastrifer,14
5,27,Stellifer rastrifer,14
6,33,Stellifer rastrifer,14
6,33,Stellifer rastrifer,14
6,33,Stellifer rastrifer,14
6,33,Stellifer rastrifer,14
6,33,Stellifer rastrifer,14
6,33,Stellifer rastrifer,14
6,35,Stellifer rastrifer,14
6,35,Stellifer rastrifer,14
6,36,Stellifer rastrifer,14
7,37,Stellifer rastrifer,14
7,38,Stellifer rastrifer,14
7,41,Stellifer rastrifer,14
7,41,Stellifer rastrifer,14
8,46,Stellifer rastrifer,14
8,46,Stellifer rastrifer,14
8,46,Stellifer rastrifer,14
8,46,Stellifer rastrifer,14
8,46,Stellifer rastrifer,14
8,47,Stellifer rastrifer,14
8,48,Stellifer rastrifer,14
8,48,Stellifer rastrifer,14
1,2,Stellifer rastrifer,13
1,3,Stellifer rastrifer,13
1,6,Stellifer rastrifer,13
1,6,Stellifer rastrifer,13
1,6,Stellifer rastrifer,13
1,6,Stellifer rastrifer,13
2,7,Stellifer rastrifer,13
2,7,Stellifer rastrifer,13
2,8,Stellifer rastrifer,13
2,8,Stellifer rastrifer,13
2,11,Stellifer rastrifer,13
2,11,Stellifer rastrifer,13
2,11,Stellifer rastrifer,13
2,11,Stellifer rastrifer,13
2,11,Stellifer rastrifer,13
2,11,Stellifer rastrifer,13
3,16,Stellifer rastrifer,13
3,16,Stellifer rastrifer,13
3,16,Stellifer rastrifer,13
3,16,Stellifer rastrifer,13
3,17,Stellifer rastrifer,13
3,17,Stellifer rastrifer,13
3,17,Stellifer rastrifer,13
3,17,Stellifer rastrifer,13
3,17,Stellifer rastrifer,13
3,17,Stellifer rastrifer,13
3,17,Stellifer rastrifer,13
3,18,Stellifer rastrifer,13
3,18,Stellifer rastrifer,13
3,18,Stellifer rastrifer,13
3,18,Stellifer rastrifer,13
3,18,Stellifer rastrifer,13
3,18,Stellifer rastrifer,13
5,25,Stellifer rastrifer,13
5,26,Stellifer rastrifer,13
5,27,Stellifer rastrifer,13
5,27,Stellifer rastrifer,13
5,27,Stellifer rastrifer,13
5,27,Stellifer rastrifer,13
5,27,Stellifer rastrifer,13
5,27,Stellifer rastrifer,13
5,29,Stellifer rastrifer,13
5,29,Stellifer rastrifer,13
5,29,Stellifer rastrifer,13
5,29,Stellifer rastrifer,13
6,33,Stellifer rastrifer,13
6,33,Stellifer rastrifer,13
6,33,Stellifer rastrifer,13
6,33,Stellifer rastrifer,13
6,34,Stellifer rastrifer,13
6,35,Stellifer rastrifer,13
6,35,Stellifer rastrifer,13
6,35,Stellifer rastrifer,13
6,36,Stellifer rastrifer,13
7,37,Stellifer rastrifer,13
7,37,Stellifer rastrifer,13
7,38,Stellifer rastrifer,13
7,38,Stellifer rastrifer,13
7,41,Stellifer rastrifer,13
7,41,Stellifer rastrifer,13
8,46,Stellifer rastrifer,13
8,46,Stellifer rastrifer,13
8,46,Stellifer rastrifer,13
8,46,Stellifer rastrifer,13
8,46,Stellifer rastrifer,13
8,46,Stellifer rastrifer,13
8,46,Stellifer rastrifer,13
8,47,Stellifer rastrifer,13
8,47,Stellifer rastrifer,13
8,47,Stellifer rastrifer,13
8,47,Stellifer rastrifer,13
8,47,Stellifer rastrifer,13
8,47,Stellifer rastrifer,13
8,48,Stellifer rastrifer,13
8,48,Stellifer rastrifer,13
8,48,Stellifer rastrifer,13
8,48,Stellifer rastrifer,13
8,48,Stellifer rastrifer,13
8,48,Stellifer rastrifer,13
1,4,Stellifer rastrifer,12
2,7,Stellifer rastrifer,12
2,7,Stellifer rastrifer,12
2,8,Stellifer rastrifer,12
2,11,Stellifer rastrifer,12
2,11,Stellifer rastrifer,12
3,17,Stellifer rastrifer,12
3,18,Stellifer rastrifer,12
3,18,Stellifer rastrifer,12
5,27,Stellifer rastrifer,12
5,27,Stellifer rastrifer,12
5,27,Stellifer rastrifer,12
5,27,Stellifer rastrifer,12
5,27,Stellifer rastrifer,12
5,27,Stellifer rastrifer,12
5,27,Stellifer rastrifer,12
5,27,Stellifer rastrifer,12
5,27,Stellifer rastrifer,12
5,27,Stellifer rastrifer,12
5,27,Stellifer rastrifer,12
5,27,Stellifer rastrifer,12
6,31,Stellifer rastrifer,12
6,31,Stellifer rastrifer,12
6,31,Stellifer rastrifer,12
6,31,Stellifer rastrifer,12
6,31,Stellifer rastrifer,12
6,31,Stellifer rastrifer,12
6,31,Stellifer rastrifer,12
6,32,Stellifer rastrifer,12
6,32,Stellifer rastrifer,12
6,32,Stellifer rastrifer,12
6,33,Stellifer rastrifer,12
6,33,Stellifer rastrifer,12
6,34,Stellifer rastrifer,12
6,34,Stellifer rastrifer,12
6,34,Stellifer rastrifer,12
6,35,Stellifer rastrifer,12
6,35,Stellifer rastrifer,12
6,36,Stellifer rastrifer,12
6,36,Stellifer rastrifer,12
7,37,Stellifer rastrifer,12
7,37,Stellifer rastrifer,12
7,38,Stellifer rastrifer,12
7,41,Stellifer rastrifer,12
8,46,Stellifer rastrifer,12
8,46,Stellifer rastrifer,12
8,46,Stellifer rastrifer,12
8,46,Stellifer rastrifer,12
8,46,Stellifer rastrifer,12
8,46,Stellifer rastrifer,12
8,46,Stellifer rastrifer,12
8,46,Stellifer rastrifer,12
8,47,Stellifer rastrifer,12
8,47,Stellifer rastrifer,12
8,47,Stellifer rastrifer,12
8,47,Stellifer rastrifer,12
8,47,Stellifer rastrifer,12
8,47,Stellifer rastrifer,12
8,47,Stellifer rastrifer,12
8,47,Stellifer rastrifer,12
8,48,Stellifer rastrifer,12
1,1,Stellifer rastrifer,11
1,1,Stellifer rastrifer,11
1,2,Stellifer rastrifer,11
1,2,Stellifer rastrifer,11
1,3,Stellifer rastrifer,11
1,3,Stellifer rastrifer,11
1,4,Stellifer rastrifer,11
2,7,Stellifer rastrifer,11
2,7,Stellifer rastrifer,11
2,8,Stellifer rastrifer,11
2,11,Stellifer rastrifer,11
3,16,Stellifer rastrifer,11
3,16,Stellifer rastrifer,11
3,17,Stellifer rastrifer,11
3,17,Stellifer rastrifer,11
3,17,Stellifer rastrifer,11
3,17,Stellifer rastrifer,11
3,17,Stellifer rastrifer,11
3,17,Stellifer rastrifer,11
3,17,Stellifer rastrifer,11
3,17,Stellifer rastrifer,11
3,17,Stellifer rastrifer,11
3,18,Stellifer rastrifer,11
5,26,Stellifer rastrifer,11
5,27,Stellifer rastrifer,11
5,29,Stellifer rastrifer,11
5,29,Stellifer rastrifer,11
6,31,Stellifer rastrifer,11
6,31,Stellifer rastrifer,11
6,31,Stellifer rastrifer,11
6,31,Stellifer rastrifer,11
6,32,Stellifer rastrifer,11
6,33,Stellifer rastrifer,11
6,33,Stellifer rastrifer,11
6,34,Stellifer rastrifer,11
6,34,Stellifer rastrifer,11
6,35,Stellifer rastrifer,11
6,35,Stellifer rastrifer,11
6,35,Stellifer rastrifer,11
6,35,Stellifer rastrifer,11
6,35,Stellifer rastrifer,11
6,36,Stellifer rastrifer,11
6,36,Stellifer rastrifer,11
6,36,Stellifer rastrifer,11
6,36,Stellifer rastrifer,11
6,36,Stellifer rastrifer,11
7,37,Stellifer rastrifer,11
7,37,Stellifer rastrifer,11
7,37,Stellifer rastrifer,11
7,38,Stellifer rastrifer,11
7,38,Stellifer rastrifer,11
7,41,Stellifer rastrifer,11
7,41,Stellifer rastrifer,11
7,41,Stellifer rastrifer,11
7,41,Stellifer rastrifer,11
8,46,Stellifer rastrifer,11
8,47,Stellifer rastrifer,11
8,47,Stellifer rastrifer,11
8,47,Stellifer rastrifer,11
8,48,Stellifer rastrifer,11
8,48,Stellifer rastrifer,11
1,1,Stellifer rastrifer,10
1,1,Stellifer rastrifer,10
1,1,Stellifer rastrifer,10
1,1,Stellifer rastrifer,10
1,2,Stellifer rastrifer,10
1,2,Stellifer rastrifer,10
1,3,Stellifer rastrifer,10
1,3,Stellifer rastrifer,10
1,3,Stellifer rastrifer,10
1,3,Stellifer rastrifer,10
1,3,Stellifer rastrifer,10
1,3,Stellifer rastrifer,10
1,3,Stellifer rastrifer,10
1,4,Stellifer rastrifer,10
1,5,Stellifer rastrifer,10
1,5,Stellifer rastrifer,10
1,6,Stellifer rastrifer,10
1,6,Stellifer rastrifer,10
2,7,Stellifer rastrifer,10
2,8,Stellifer rastrifer,10
2,8,Stellifer rastrifer,10
2,8,Stellifer rastrifer,10
2,8,Stellifer rastrifer,10
2,8,Stellifer rastrifer,10
2,11,Stellifer rastrifer,10
2,11,Stellifer rastrifer,10
3,16,Stellifer rastrifer,10
3,16,Stellifer rastrifer,10
3,16,Stellifer rastrifer,10
3,16,Stellifer rastrifer,10
3,16,Stellifer rastrifer,10
3,16,Stellifer rastrifer,10
3,16,Stellifer rastrifer,10
3,17,Stellifer rastrifer,10
3,17,Stellifer rastrifer,10
3,17,Stellifer rastrifer,10
3,17,Stellifer rastrifer,10
3,18,Stellifer rastrifer,10
3,18,Stellifer rastrifer,10
3,18,Stellifer rastrifer,10
3,18,Stellifer rastrifer,10
3,18,Stellifer rastrifer,10
3,18,Stellifer rastrifer,10
3,18,Stellifer rastrifer,10
3,18,Stellifer rastrifer,10
3,18,Stellifer rastrifer,10
3,18,Stellifer rastrifer,10
3,18,Stellifer rastrifer,10
4,19,Stellifer rastrifer,10
5,25,Stellifer rastrifer,10
5,25,Stellifer rastrifer,10
5,25,Stellifer rastrifer,10
5,25,Stellifer rastrifer,10
5,25,Stellifer rastrifer,10
5,25,Stellifer rastrifer,10
5,26,Stellifer rastrifer,10
5,26,Stellifer rastrifer,10
5,27,Stellifer rastrifer,10
5,27,Stellifer rastrifer,10
5,27,Stellifer rastrifer,10
5,27,Stellifer rastrifer,10
5,27,Stellifer rastrifer,10
5,29,Stellifer rastrifer,10
5,29,Stellifer rastrifer,10
5,29,Stellifer rastrifer,10
5,29,Stellifer rastrifer,10
5,29,Stellifer rastrifer,10
5,29,Stellifer rastrifer,10
5,29,Stellifer rastrifer,10
6,31,Stellifer rastrifer,10
6,31,Stellifer rastrifer,10
6,31,Stellifer rastrifer,10
6,31,Stellifer rastrifer,10
6,31,Stellifer rastrifer,10
6,31,Stellifer rastrifer,10
6,31,Stellifer rastrifer,10
6,31,Stellifer rastrifer,10
6,31,Stellifer rastrifer,10
6,31,Stellifer rastrifer,10
6,31,Stellifer rastrifer,10
6,32,Stellifer rastrifer,10
6,32,Stellifer rastrifer,10
6,32,Stellifer rastrifer,10
6,32,Stellifer rastrifer,10
6,32,Stellifer rastrifer,10
6,32,Stellifer rastrifer,10
6,32,Stellifer rastrifer,10
6,32,Stellifer rastrifer,10
6,32,Stellifer rastrifer,10
6,32,Stellifer rastrifer,10
6,32,Stellifer rastrifer,10
6,33,Stellifer rastrifer,10
6,33,Stellifer rastrifer,10
6,33,Stellifer rastrifer,10
6,34,Stellifer rastrifer,10
6,34,Stellifer rastrifer,10
6,34,Stellifer rastrifer,10
6,34,Stellifer rastrifer,10
6,34,Stellifer rastrifer,10
6,34,Stellifer rastrifer,10
6,34,Stellifer rastrifer,10
6,34,Stellifer rastrifer,10
6,34,Stellifer rastrifer,10
6,35,Stellifer rastrifer,10
6,35,Stellifer rastrifer,10
6,35,Stellifer rastrifer,10
6,35,Stellifer rastrifer,10
6,35,Stellifer rastrifer,10
6,35,Stellifer rastrifer,10
6,35,Stellifer rastrifer,10
6,35,Stellifer rastrifer,10
6,36,Stellifer rastrifer,10
6,36,Stellifer rastrifer,10
6,36,Stellifer rastrifer,10
6,36,Stellifer rastrifer,10
7,37,Stellifer rastrifer,10
7,37,Stellifer rastrifer,10
7,37,Stellifer rastrifer,10
7,37,Stellifer rastrifer,10
7,37,Stellifer rastrifer,10
7,37,Stellifer rastrifer,10
7,38,Stellifer rastrifer,10
7,38,Stellifer rastrifer,10
7,38,Stellifer rastrifer,10
7,38,Stellifer rastrifer,10
7,38,Stellifer rastrifer,10
7,38,Stellifer rastrifer,10
7,38,Stellifer rastrifer,10
7,41,Stellifer rastrifer,10
7,41,Stellifer rastrifer,10
7,41,Stellifer rastrifer,10
7,41,Stellifer rastrifer,10
7,41,Stellifer rastrifer,10
7,41,Stellifer rastrifer,10
7,41,Stellifer rastrifer,10
7,41,Stellifer rastrifer,10
7,41,Stellifer rastrifer,10
7,42,Stellifer rastrifer,10
7,42,Stellifer rastrifer,10
7,42,Stellifer rastrifer,10
7,42,Stellifer rastrifer,10
7,42,Stellifer rastrifer,10
8,46,Stellifer rastrifer,10
8,46,Stellifer rastrifer,10
8,47,Stellifer rastrifer,10
8,47,Stellifer rastrifer,10
8,47,Stellifer rastrifer,10
8,47,Stellifer rastrifer,10
8,47,Stellifer rastrifer,10
8,47,Stellifer rastrifer,10
8,47,Stellifer rastrifer,10
8,48,Stellifer rastrifer,10
8,48,Stellifer rastrifer,10
8,48,Stellifer rastrifer,10
8,48,Stellifer rastrifer,10
8,48,Stellifer rastrifer,10
8,48,Stellifer rastrifer,10
1,1,Stellifer rastrifer,9
1,1,Stellifer rastrifer,9
1,1,Stellifer rastrifer,9
1,1,Stellifer rastrifer,9
1,1,Stellifer rastrifer,9
1,1,Stellifer rastrifer,9
1,2,Stellifer rastrifer,9
1,2,Stellifer rastrifer,9
1,2,Stellifer rastrifer,9
1,2,Stellifer rastrifer,9
1,2,Stellifer rastrifer,9
1,2,Stellifer rastrifer,9
1,2,Stellifer rastrifer,9
1,2,Stellifer rastrifer,9
1,2,Stellifer rastrifer,9
1,2,Stellifer rastrifer,9
1,3,Stellifer rastrifer,9
1,3,Stellifer rastrifer,9
1,3,Stellifer rastrifer,9
1,3,Stellifer rastrifer,9
1,3,Stellifer rastrifer,9
1,4,Stellifer rastrifer,9
1,4,Stellifer rastrifer,9
1,4,Stellifer rastrifer,9
1,4,Stellifer rastrifer,9
1,4,Stellifer rastrifer,9
1,4,Stellifer rastrifer,9
1,4,Stellifer rastrifer,9
1,5,Stellifer rastrifer,9
1,5,Stellifer rastrifer,9
1,5,Stellifer rastrifer,9
1,5,Stellifer rastrifer,9
1,5,Stellifer rastrifer,9
1,5,Stellifer rastrifer,9
1,6,Stellifer rastrifer,9
1,6,Stellifer rastrifer,9
1,6,Stellifer rastrifer,9
1,6,Stellifer rastrifer,9
1,6,Stellifer rastrifer,9
2,7,Stellifer rastrifer,9
2,8,Stellifer rastrifer,9
2,8,Stellifer rastrifer,9
2,8,Stellifer rastrifer,9
2,8,Stellifer rastrifer,9
2,11,Stellifer rastrifer,9
2,11,Stellifer rastrifer,9
3,15,Stellifer rastrifer,9
3,15,Stellifer rastrifer,9
3,16,Stellifer rastrifer,9
3,16,Stellifer rastrifer,9
3,16,Stellifer rastrifer,9
3,16,Stellifer rastrifer,9
3,16,Stellifer rastrifer,9
3,16,Stellifer rastrifer,9
3,16,Stellifer rastrifer,9
3,17,Stellifer rastrifer,9
3,17,Stellifer rastrifer,9
3,17,Stellifer rastrifer,9
3,17,Stellifer rastrifer,9
3,17,Stellifer rastrifer,9
3,18,Stellifer rastrifer,9
3,18,Stellifer rastrifer,9
3,18,Stellifer rastrifer,9
4,19,Stellifer rastrifer,9
4,19,Stellifer rastrifer,9
4,19,Stellifer rastrifer,9
4,19,Stellifer rastrifer,9
4,19,Stellifer rastrifer,9
5,25,Stellifer rastrifer,9
5,25,Stellifer rastrifer,9
5,25,Stellifer rastrifer,9
5,25,Stellifer rastrifer,9
5,25,Stellifer rastrifer,9
5,25,Stellifer rastrifer,9
5,25,Stellifer rastrifer,9
5,25,Stellifer rastrifer,9
5,25,Stellifer rastrifer,9
5,25,Stellifer rastrifer,9
5,25,Stellifer rastrifer,9
5,25,Stellifer rastrifer,9
5,26,Stellifer rastrifer,9
5,26,Stellifer rastrifer,9
5,26,Stellifer rastrifer,9
5,26,Stellifer rastrifer,9
5,26,Stellifer rastrifer,9
5,26,Stellifer rastrifer,9
5,26,Stellifer rastrifer,9
5,26,Stellifer rastrifer,9
5,26,Stellifer rastrifer,9
5,26,Stellifer rastrifer,9
5,26,Stellifer rastrifer,9
5,26,Stellifer rastrifer,9
5,27,Stellifer rastrifer,9
5,27,Stellifer rastrifer,9
5,29,Stellifer rastrifer,9
5,29,Stellifer rastrifer,9
5,29,Stellifer rastrifer,9
5,29,Stellifer rastrifer,9
5,29,Stellifer rastrifer,9
5,29,Stellifer rastrifer,9
5,29,Stellifer rastrifer,9
6,31,Stellifer rastrifer,9
6,31,Stellifer rastrifer,9
6,31,Stellifer rastrifer,9
6,32,Stellifer rastrifer,9
6,32,Stellifer rastrifer,9
6,32,Stellifer rastrifer,9
6,32,Stellifer rastrifer,9
6,32,Stellifer rastrifer,9
6,32,Stellifer rastrifer,9
6,33,Stellifer rastrifer,9
6,33,Stellifer rastrifer,9
6,33,Stellifer rastrifer,9
6,34,Stellifer rastrifer,9
6,34,Stellifer rastrifer,9
6,34,Stellifer rastrifer,9
6,34,Stellifer rastrifer,9
6,34,Stellifer rastrifer,9
6,34,Stellifer rastrifer,9
6,34,Stellifer rastrifer,9
6,34,Stellifer rastrifer,9
6,34,Stellifer rastrifer,9
6,34,Stellifer rastrifer,9
6,34,Stellifer rastrifer,9
6,35,Stellifer rastrifer,9
6,35,Stellifer rastrifer,9
6,35,Stellifer rastrifer,9
6,35,Stellifer rastrifer,9
6,35,Stellifer rastrifer,9
6,35,Stellifer rastrifer,9
6,35,Stellifer rastrifer,9
6,36,Stellifer rastrifer,9
6,36,Stellifer rastrifer,9
6,36,Stellifer rastrifer,9
6,36,Stellifer rastrifer,9
6,36,Stellifer rastrifer,9
6,36,Stellifer rastrifer,9
7,37,Stellifer rastrifer,9
7,37,Stellifer rastrifer,9
7,37,Stellifer rastrifer,9
7,38,Stellifer rastrifer,9
7,38,Stellifer rastrifer,9
7,38,Stellifer rastrifer,9
7,41,Stellifer rastrifer,9
7,41,Stellifer rastrifer,9
7,42,Stellifer rastrifer,9
7,42,Stellifer rastrifer,9
7,42,Stellifer rastrifer,9
7,42,Stellifer rastrifer,9
7,42,Stellifer rastrifer,9
7,42,Stellifer rastrifer,9
8,46,Stellifer rastrifer,9
8,48,Stellifer rastrifer,9
8,48,Stellifer rastrifer,9
8,48,Stellifer rastrifer,9
8,48,Stellifer rastrifer,9
8,48,Stellifer rastrifer,9
8,48,Stellifer rastrifer,9
8,48,Stellifer rastrifer,9
1,1,Stellifer rastrifer,8
1,1,Stellifer rastrifer,8
1,1,Stellifer rastrifer,8
1,1,Stellifer rastrifer,8
1,1,Stellifer rastrifer,8
1,1,Stellifer rastrifer,8
1,1,Stellifer rastrifer,8
1,1,Stellifer rastrifer,8
1,1,Stellifer rastrifer,8
1,1,Stellifer rastrifer,8
1,1,Stellifer rastrifer,8
1,1,Stellifer rastrifer,8
1,1,Stellifer rastrifer,8
1,2,Stellifer rastrifer,8
1,2,Stellifer rastrifer,8
1,2,Stellifer rastrifer,8
1,2,Stellifer rastrifer,8
1,2,Stellifer rastrifer,8
1,2,Stellifer rastrifer,8
1,2,Stellifer rastrifer,8
1,2,Stellifer rastrifer,8
1,2,Stellifer rastrifer,8
1,2,Stellifer rastrifer,8
1,2,Stellifer rastrifer,8
1,2,Stellifer rastrifer,8
1,2,Stellifer rastrifer,8
1,3,Stellifer rastrifer,8
1,3,Stellifer rastrifer,8
1,3,Stellifer rastrifer,8
1,3,Stellifer rastrifer,8
1,3,Stellifer rastrifer,8
1,3,Stellifer rastrifer,8
1,3,Stellifer rastrifer,8
1,3,Stellifer rastrifer,8
1,3,Stellifer rastrifer,8
1,4,Stellifer rastrifer,8
1,4,Stellifer rastrifer,8
1,4,Stellifer rastrifer,8
1,4,Stellifer rastrifer,8
1,4,Stellifer rastrifer,8
1,5,Stellifer rastrifer,8
1,5,Stellifer rastrifer,8
1,5,Stellifer rastrifer,8
1,5,Stellifer rastrifer,8
1,5,Stellifer rastrifer,8
1,5,Stellifer rastrifer,8
1,5,Stellifer rastrifer,8
1,5,Stellifer rastrifer,8
1,5,Stellifer rastrifer,8
1,5,Stellifer rastrifer,8
1,5,Stellifer rastrifer,8
1,5,Stellifer rastrifer,8
1,5,Stellifer rastrifer,8
1,5,Stellifer rastrifer,8
1,6,Stellifer rastrifer,8
1,6,Stellifer rastrifer,8
1,6,Stellifer rastrifer,8
1,6,Stellifer rastrifer,8
1,6,Stellifer rastrifer,8
1,6,Stellifer rastrifer,8
1,6,Stellifer rastrifer,8
1,6,Stellifer rastrifer,8
1,6,Stellifer rastrifer,8
1,6,Stellifer rastrifer,8
1,6,Stellifer rastrifer,8
2,7,Stellifer rastrifer,8
2,7,Stellifer rastrifer,8
2,7,Stellifer rastrifer,8
2,8,Stellifer rastrifer,8
2,8,Stellifer rastrifer,8
2,8,Stellifer rastrifer,8
2,8,Stellifer rastrifer,8
2,11,Stellifer rastrifer,8
2,11,Stellifer rastrifer,8
2,11,Stellifer rastrifer,8
3,13,Stellifer rastrifer,8
3,16,Stellifer rastrifer,8
3,16,Stellifer rastrifer,8
3,16,Stellifer rastrifer,8
3,16,Stellifer rastrifer,8
3,17,Stellifer rastrifer,8
3,17,Stellifer rastrifer,8
3,17,Stellifer rastrifer,8
3,17,Stellifer rastrifer,8
3,18,Stellifer rastrifer,8
3,18,Stellifer rastrifer,8
3,18,Stellifer rastrifer,8
3,18,Stellifer rastrifer,8
3,18,Stellifer rastrifer,8
4,19,Stellifer rastrifer,8
4,19,Stellifer rastrifer,8
4,19,Stellifer rastrifer,8
4,19,Stellifer rastrifer,8
4,19,Stellifer rastrifer,8
4,19,Stellifer rastrifer,8
4,19,Stellifer rastrifer,8
4,19,Stellifer rastrifer,8
4,19,Stellifer rastrifer,8
4,19,Stellifer rastrifer,8
4,19,Stellifer rastrifer,8
4,19,Stellifer rastrifer,8
4,19,Stellifer rastrifer,8
4,19,Stellifer rastrifer,8
4,19,Stellifer rastrifer,8
4,19,Stellifer rastrifer,8
5,25,Stellifer rastrifer,8
5,25,Stellifer rastrifer,8
5,25,Stellifer rastrifer,8
5,25,Stellifer rastrifer,8
5,25,Stellifer rastrifer,8
5,25,Stellifer rastrifer,8
5,25,Stellifer rastrifer,8
5,25,Stellifer rastrifer,8
5,25,Stellifer rastrifer,8
5,26,Stellifer rastrifer,8
5,26,Stellifer rastrifer,8
5,26,Stellifer rastrifer,8
5,26,Stellifer rastrifer,8
5,26,Stellifer rastrifer,8
5,26,Stellifer rastrifer,8
5,26,Stellifer rastrifer,8
5,26,Stellifer rastrifer,8
5,26,Stellifer rastrifer,8
5,26,Stellifer rastrifer,8
5,26,Stellifer rastrifer,8
5,26,Stellifer rastrifer,8
5,27,Stellifer rastrifer,8
5,29,Stellifer rastrifer,8
5,29,Stellifer rastrifer,8
5,29,Stellifer rastrifer,8
5,29,Stellifer rastrifer,8
6,31,Stellifer rastrifer,8
6,31,Stellifer rastrifer,8
6,31,Stellifer rastrifer,8
6,32,Stellifer rastrifer,8
6,34,Stellifer rastrifer,8
6,34,Stellifer rastrifer,8
6,36,Stellifer rastrifer,8
6,36,Stellifer rastrifer,8
6,36,Stellifer rastrifer,8
7,37,Stellifer rastrifer,8
7,37,Stellifer rastrifer,8
7,37,Stellifer rastrifer,8
7,37,Stellifer rastrifer,8
7,38,Stellifer rastrifer,8
7,41,Stellifer rastrifer,8
7,42,Stellifer rastrifer,8
7,42,Stellifer rastrifer,8
7,42,Stellifer rastrifer,8
7,42,Stellifer rastrifer,8
7,42,Stellifer rastrifer,8
7,42,Stellifer rastrifer,8
8,48,Stellifer rastrifer,8
1,1,Stellifer rastrifer,7
1,3,Stellifer rastrifer,7
1,3,Stellifer rastrifer,7
1,3,Stellifer rastrifer,7
1,4,Stellifer rastrifer,7
1,4,Stellifer rastrifer,7
1,4,Stellifer rastrifer,7
1,4,Stellifer rastrifer,7
1,4,Stellifer rastrifer,7
1,4,Stellifer rastrifer,7
1,4,Stellifer rastrifer,7
1,4,Stellifer rastrifer,7
1,5,Stellifer rastrifer,7
1,5,Stellifer rastrifer,7
1,5,Stellifer rastrifer,7
1,5,Stellifer rastrifer,7
1,5,Stellifer rastrifer,7
1,5,Stellifer rastrifer,7
2,11,Stellifer rastrifer,7
2,11,Stellifer rastrifer,7
2,11,Stellifer rastrifer,7
3,13,Stellifer rastrifer,7
3,13,Stellifer rastrifer,7
3,13,Stellifer rastrifer,7
3,13,Stellifer rastrifer,7
3,13,Stellifer rastrifer,7
3,14,Stellifer rastrifer,7
3,14,Stellifer rastrifer,7
3,16,Stellifer rastrifer,7
3,16,Stellifer rastrifer,7
3,16,Stellifer rastrifer,7
3,18,Stellifer rastrifer,7
4,19,Stellifer rastrifer,7
4,19,Stellifer rastrifer,7
4,19,Stellifer rastrifer,7
4,19,Stellifer rastrifer,7
4,19,Stellifer rastrifer,7
4,19,Stellifer rastrifer,7
5,25,Stellifer rastrifer,7
5,25,Stellifer rastrifer,7
5,26,Stellifer rastrifer,7
5,26,Stellifer rastrifer,7
5,29,Stellifer rastrifer,7
5,29,Stellifer rastrifer,7
5,29,Stellifer rastrifer,7
6,31,Stellifer rastrifer,7
6,32,Stellifer rastrifer,7
6,33,Stellifer rastrifer,7
6,36,Stellifer rastrifer,7
6,36,Stellifer rastrifer,7
6,36,Stellifer rastrifer,7
6,36,Stellifer rastrifer,7
6,36,Stellifer rastrifer,7
6,36,Stellifer rastrifer,7
7,37,Stellifer rastrifer,7
7,37,Stellifer rastrifer,7
7,37,Stellifer rastrifer,7
7,37,Stellifer rastrifer,7
7,37,Stellifer rastrifer,7
7,37,Stellifer rastrifer,7
7,37,Stellifer rastrifer,7
7,38,Stellifer rastrifer,7
7,38,Stellifer rastrifer,7
7,38,Stellifer rastrifer,7
7,38,Stellifer rastrifer,7
7,38,Stellifer rastrifer,7
7,38,Stellifer rastrifer,7
7,38,Stellifer rastrifer,7
7,38,Stellifer rastrifer,7
7,41,Stellifer rastrifer,7
7,41,Stellifer rastrifer,7
7,41,Stellifer rastrifer,7
7,41,Stellifer rastrifer,7
7,41,Stellifer rastrifer,7
7,41,Stellifer rastrifer,7
7,42,Stellifer rastrifer,7
7,42,Stellifer rastrifer,7
7,42,Stellifer rastrifer,7
7,42,Stellifer rastrifer,7
7,42,Stellifer rastrifer,7
7,42,Stellifer rastrifer,7
8,46,Stellifer rastrifer,7
8,46,Stellifer rastrifer,7
8,47,Stellifer rastrifer,7
8,47,Stellifer rastrifer,7
1,2,Stellifer rastrifer,6
1,3,Stellifer rastrifer,6
1,3,Stellifer rastrifer,6
1,4,Stellifer rastrifer,6
1,4,Stellifer rastrifer,6
1,4,Stellifer rastrifer,6
1,4,Stellifer rastrifer,6
1,4,Stellifer rastrifer,6
1,4,Stellifer rastrifer,6
1,5,Stellifer rastrifer,6
1,5,Stellifer rastrifer,6
1,6,Stellifer rastrifer,6
1,6,Stellifer rastrifer,6
2,11,Stellifer rastrifer,6
2,11,Stellifer rastrifer,6
3,13,Stellifer rastrifer,6
3,13,Stellifer rastrifer,6
3,13,Stellifer rastrifer,6
3,13,Stellifer rastrifer,6
3,13,Stellifer rastrifer,6
3,13,Stellifer rastrifer,6
3,13,Stellifer rastrifer,6
3,13,Stellifer rastrifer,6
3,13,Stellifer rastrifer,6
3,13,Stellifer rastrifer,6
3,13,Stellifer rastrifer,6
3,13,Stellifer rastrifer,6
3,13,Stellifer rastrifer,6
3,14,Stellifer rastrifer,6
3,15,Stellifer rastrifer,6
3,16,Stellifer rastrifer,6
3,16,Stellifer rastrifer,6
4,19,Stellifer rastrifer,6
4,19,Stellifer rastrifer,6
4,19,Stellifer rastrifer,6
5,29,Stellifer rastrifer,6
5,29,Stellifer rastrifer,6
6,36,Stellifer rastrifer,6
7,37,Stellifer rastrifer,6
7,37,Stellifer rastrifer,6
7,38,Stellifer rastrifer,6
7,38,Stellifer rastrifer,6
7,38,Stellifer rastrifer,6
7,41,Stellifer rastrifer,6
7,42,Stellifer rastrifer,6
7,42,Stellifer rastrifer,6
7,42,Stellifer rastrifer,6
7,42,Stellifer rastrifer,6
1,4,Stellifer rastrifer,5
3,13,Stellifer rastrifer,5
3,13,Stellifer rastrifer,5
3,13,Stellifer rastrifer,5
3,13,Stellifer rastrifer,5
3,13,Stellifer rastrifer,5
3,14,Stellifer rastrifer,5
3,14,Stellifer rastrifer,5
3,14,Stellifer rastrifer,5
3,14,Stellifer rastrifer,5
3,14,Stellifer rastrifer,5
3,15,Stellifer rastrifer,5
3,15,Stellifer rastrifer,5
3,15,Stellifer rastrifer,5
3,15,Stellifer rastrifer,5
3,15,Stellifer rastrifer,5
3,16,Stellifer rastrifer,5
3,17,Stellifer rastrifer,5
3,18,Stellifer rastrifer,5
3,18,Stellifer rastrifer,5
5,29,Stellifer rastrifer,5
7,38,Stellifer rastrifer,5
7,41,Stellifer rastrifer,5
7,42,Stellifer rastrifer,5
7,42,Stellifer rastrifer,5
7,42,Stellifer rastrifer,5
3,13,Stellifer rastrifer,4
3,13,Stellifer rastrifer,4
3,13,Stellifer rastrifer,4
3,13,Stellifer rastrifer,4
3,14,Stellifer rastrifer,4
3,14,Stellifer rastrifer,4
3,14,Stellifer rastrifer,4
3,15,Stellifer rastrifer,4
3,15,Stellifer rastrifer,4
3,15,Stellifer rastrifer,4
3,15,Stellifer rastrifer,4
3,15,Stellifer rastrifer,4
3,15,Stellifer rastrifer,4
3,15,Stellifer rastrifer,4
3,15,Stellifer rastrifer,4
3,15,Stellifer rastrifer,4
3,15,Stellifer rastrifer,4
3,15,Stellifer rastrifer,4
3,15,Stellifer rastrifer,4
3,13,Stellifer rastrifer,3
3,13,Stellifer rastrifer,3
3,13,Stellifer rastrifer,3
3,14,Stellifer rastrifer,3
3,14,Stellifer rastrifer,3
3,14,Stellifer rastrifer,3
3,14,Stellifer rastrifer,3
3,14,Stellifer rastrifer,3
3,14,Stellifer rastrifer,3
3,14,Stellifer rastrifer,3
3,14,Stellifer rastrifer,3
3,14,Stellifer rastrifer,3
3,14,Stellifer rastrifer,3
3,14,Stellifer rastrifer,3
3,14,Stellifer rastrifer,3
3,14,Stellifer rastrifer,3
3,15,Stellifer rastrifer,3
3,15,Stellifer rastrifer,3
3,15,Stellifer rastrifer,3
3,15,Stellifer rastrifer,3
3,15,Stellifer rastrifer,3
3,15,Stellifer rastrifer,3
3,15,Stellifer rastrifer,3
3,15,Stellifer rastrifer,3
3,15,Stellifer rastrifer,3
3,15,Stellifer rastrifer,3
7,38,Stellifer rastrifer,3
3,14,Stellifer rastrifer,2
3,14,Stellifer rastrifer,2
3,14,Stellifer rastrifer,2
3,14,Stellifer rastrifer,2
3,14,Stellifer rastrifer,2
3,14,Stellifer rastrifer,2
3,14,Stellifer rastrifer,2
6,36,Symphurus plagusia,17
6,36,Symphurus plagusia,17
6,36,Symphurus plagusia,17
6,36,Symphurus plagusia,17
6,36,Symphurus plagusia,16
6,36,Symphurus plagusia,16
6,36,Symphurus plagusia,16
6,36,Symphurus plagusia,16
6,36,Symphurus plagusia,16
6,36,Symphurus plagusia,16
6,36,Symphurus plagusia,16
6,36,Symphurus plagusia,16
2,9,Symphurus plagusia,15
2,9,Symphurus plagusia,15
2,9,Symphurus plagusia,15
2,9,Symphurus plagusia,15
2,9,Symphurus plagusia,15
2,9,Symphurus plagusia,15
2,9,Symphurus plagusia,15
3,17,Symphurus plagusia,15
3,17,Symphurus plagusia,15
6,36,Symphurus plagusia,15
6,36,Symphurus plagusia,15
6,36,Symphurus plagusia,15
6,36,Symphurus plagusia,15
6,36,Symphurus plagusia,15
6,36,Symphurus plagusia,15
6,36,Symphurus plagusia,15
6,36,Symphurus plagusia,15
2,9,Symphurus plagusia,14
2,9,Symphurus plagusia,14
2,9,Symphurus plagusia,14
2,9,Symphurus plagusia,14
2,9,Symphurus plagusia,14
2,9,Symphurus plagusia,14
2,9,Symphurus plagusia,14
2,9,Symphurus plagusia,14
2,9,Symphurus plagusia,14
2,9,Symphurus plagusia,14
2,9,Symphurus plagusia,14
2,9,Symphurus plagusia,14
2,9,Symphurus plagusia,14
3,17,Symphurus plagusia,14
3,17,Symphurus plagusia,14
3,18,Symphurus plagusia,14
6,36,Symphurus plagusia,14
6,36,Symphurus plagusia,14
6,36,Symphurus plagusia,14
6,36,Symphurus plagusia,14
2,9,Symphurus plagusia,13
2,9,Symphurus plagusia,13
2,9,Symphurus plagusia,13
2,9,Symphurus plagusia,13
3,17,Symphurus plagusia,13
3,17,Symphurus plagusia,13
3,17,Symphurus plagusia,13
3,17,Symphurus plagusia,13
3,17,Symphurus plagusia,13
3,18,Symphurus plagusia,13
3,18,Symphurus plagusia,13
3,18,Symphurus plagusia,13
3,18,Symphurus plagusia,13
3,18,Symphurus plagusia,13
6,36,Symphurus plagusia,13
6,36,Symphurus plagusia,13
2,9,Symphurus plagusia,12
2,9,Symphurus plagusia,12
2,9,Symphurus plagusia,12
3,17,Symphurus plagusia,12
3,18,Symphurus plagusia,12
3,18,Symphurus plagusia,12
3,18,Symphurus plagusia,12
3,18,Symphurus plagusia,12
3,18,Symphurus plagusia,12
6,36,Symphurus plagusia,12
6,36,Symphurus plagusia,12
6,36,Symphurus plagusia,12
6,36,Symphurus plagusia,12
2,9,Symphurus plagusia,11
2,9,Symphurus plagusia,11
3,17,Symphurus plagusia,11
3,17,Symphurus plagusia,11
3,17,Symphurus plagusia,11
3,17,Symphurus plagusia,11
3,17,Symphurus plagusia,11
3,17,Symphurus plagusia,11
3,17,Symphurus plagusia,11
3,18,Symphurus plagusia,11
3,18,Symphurus plagusia,11
3,18,Symphurus plagusia,11
3,18,Symphurus plagusia,11
3,18,Symphurus plagusia,11
3,18,Symphurus plagusia,11
3,18,Symphurus plagusia,11
3,17,Symphurus plagusia,10
3,17,Symphurus plagusia,10
3,17,Symphurus plagusia,10
3,17,Symphurus plagusia,10
3,18,Symphurus plagusia,10
3,18,Symphurus plagusia,10
3,18,Symphurus plagusia,10
3,18,Symphurus plagusia,10
3,18,Symphurus plagusia,10
3,18,Symphurus plagusia,10
3,18,Symphurus plagusia,10
2,9,Symphurus plagusia,9
3,17,Symphurus plagusia,9
3,17,Symphurus plagusia,9
3,17,Symphurus plagusia,9
3,17,Symphurus plagusia,9
3,18,Symphurus plagusia,9
3,18,Symphurus plagusia,9
3,17,Symphurus plagusia,8
3,17,Symphurus plagusia,8
3,18,Symphurus plagusia,8
3,18,Symphurus plagusia,8
3,18,Symphurus plagusia,8
3,17,Symphurus plagusia,7
3,17,Symphurus plagusia,7
3,17,Symphurus plagusia,7
6,32,Trichiurus lepturus,70
6,32,Trichiurus lepturus,70
6,32,Trichiurus lepturus,69
6,32,Trichiurus lepturus,69
6,32,Trichiurus lepturus,69
6,32,Trichiurus lepturus,68
6,32,Trichiurus lepturus,67
6,32,Trichiurus lepturus,65
6,32,Trichiurus lepturus,65
6,32,Trichiurus lepturus,64
6,32,Trichiurus lepturus,64
6,32,Trichiurus lepturus,63
6,32,Trichiurus lepturus,63
6,32,Trichiurus lepturus,62
6,32,Trichiurus lepturus,61
6,32,Trichiurus lepturus,60
6,32,Trichiurus lepturus,60
6,32,Trichiurus lepturus,59
6,32,Trichiurus lepturus,58
6,32,Trichiurus lepturus,55
6,32,Trichiurus lepturus,55
6,32,Trichiurus lepturus,55
6,32,Trichiurus lepturus,55
6,32,Trichiurus lepturus,54
6,32,Trichiurus lepturus,54
6,32,Trichiurus lepturus,53
6,32,Trichiurus lepturus,52
6,32,Trichiurus lepturus,52
6,32,Trichiurus lepturus,50
6,32,Trichiurus lepturus,50
